country,experiment_type,experiment_type_full,R2_Average,MAE_Average,RMSE_Average,training_samples,valid_training_samples,data_efficiency,log_Scope1,log_Scope2,log_Scope3_upstream,log_Scope3_downLA,log_Scope3_prod,log_Scope_total
USA,A,Country_Self_Modeling,0.9046520166357791,0.6715987004609759,1.0482503106333327,38379,10859,0.28294119179759764,0.9403383550565103,0.9458956980572522,0.9824713793046365,0.7339064425572457,0.8440629618562123,0.9812372629828177
USA,B,Global_Baseline,0.7585666830185115,1.2622472734239871,1.6961318664402352,69709,0,0.0,0.8338504389379224,0.8323960829282765,0.946850735731932,0.37758210131570014,0.6243067616880916,0.936413977509146
USA,B_dev,Developed_Baseline,0.7681146006582189,1.2350741722858705,1.663055196435387,43582,0,0.0,0.8496011059174349,0.8185159812201315,0.9517249974893947,0.41655044504271044,0.629218299929488,0.9430767743501539
CAN,A,Country_Self_Modeling,0.865980810501652,0.87809416200129,1.3090392432107911,5369,1479,0.275470292419445,0.9084047199500604,0.8495452090041091,0.9673467155153245,0.7579694869482017,0.7622995424089126,0.9503191891833027
CAN,B,Global_Baseline,0.7223379125426611,1.3312912147023945,1.8574665369771528,83108,0,0.0,0.7470405442574469,0.6193069630486183,0.9283682319495816,0.5458694521312042,0.6165933089902768,0.8768489748788391
CAN,B_dev,Developed_Baseline,0.7267033411209484,1.2941166237569879,1.8372070787544683,56981,0,0.0,0.7459382886881479,0.6204479355487481,0.9314396541624047,0.54524737353867,0.6352168161696561,0.881929978618063
NLD,A,Country_Self_Modeling,0.791220330029668,1.0253797533980535,1.517769909077743,1466,310,0.21145975443383355,0.8215755839012809,0.6678757463138207,0.9631889576197676,0.520693608116299,0.8156680297971383,0.9583200544297007
NLD,B,Global_Baseline,0.7144715103721812,1.3538937605781245,1.8700457138324016,84779,0,0.0,0.6650760663096845,0.6881597654330107,0.9122342156291692,0.4546008635811616,0.6623124254195604,0.9044457258605012
NLD,B_dev,Developed_Baseline,0.7186745888008983,1.3219870543938097,1.8502506886768917,58652,0,0.0,0.6775128206960768,0.7041977746857406,0.9178767659772636,0.42529516853632954,0.6777610645642064,0.9094039383457732
ISR,A,Country_Self_Modeling,0.7740935556545616,0.7546043846789549,1.2616945771435526,1622,548,0.33785450061652283,0.8625866903744277,0.34830361716275493,0.9440422499984459,0.7761444809163616,0.7937900189703411,0.9196942765050384
ISR,B,Global_Baseline,0.7654816140861908,1.0524249571876927,1.4671835229729293,84439,0,0.0,0.818728482865276,0.7444267063804457,0.8710771884313295,0.6896969946606705,0.596124547548447,0.8728357646309766
ISR,B_dev,Developed_Baseline,0.7697007973122929,1.0324616271046347,1.4504573062398871,58312,0,0.0,0.8133072233499103,0.7424438690482043,0.883737977381074,0.6588252740723914,0.6399779035297433,0.8799125364924336
BMU,A,Country_Self_Modeling,0.7039791045633549,1.2709324940593754,1.850044207626363,757,162,0.21400264200792601,0.7859057871632984,0.5864120867697246,0.9367043264251463,0.3192003214607658,0.7280925252200223,0.867559580341172
BMU,B,Global_Baseline,0.7281700937768468,1.2901665070429442,1.7996622319202487,84991,0,0.0,0.8642731872922411,0.562578921168776,0.9222213030712509,0.49480338598978046,0.6792509412306904,0.8458928239083421
BMU,B_dev,Developed_Baseline,0.7359451989721767,1.2595572779898034,1.7684348877919056,58864,0,0.0,0.8718608810569274,0.5629436654444615,0.9103964165748405,0.5439005933610919,0.692115347304503,0.8344542900912366
GBR,A,Country_Self_Modeling,0.8264754767912755,0.9625395515787064,1.4109104810047342,10881,1628,0.14961860123150444,0.8852833119335186,0.8921338424036718,0.9683684416543095,0.5705833975831954,0.6810616719216347,0.9614221952513238
GBR,B,Global_Baseline,0.7022644491817106,1.3886630909756048,1.9002927534626466,82897,0,0.0,0.7775520059431779,0.7154811621177485,0.9213400517763978,0.3813327147648101,0.5057008732630928,0.9121798872250368
GBR,B_dev,Developed_Baseline,0.7122148101433609,1.3510439109953383,1.859724085534683,56770,0,0.0,0.7867078018421421,0.724060192903814,0.9333977053599734,0.37481015214881086,0.5305076049271142,0.9238054036783102
JPN,A,Country_Self_Modeling,0.876394455019685,0.6774514320112908,1.0377138721490058,23682,7769,0.3280550629169834,0.8991971271772576,0.9152983792682546,0.9781530279193601,0.6951000784430479,0.7983887650137852,0.9722293522964058
JPN,B,Global_Baseline,0.6617895801591077,1.288601537544389,1.7535650306599884,74124,0,0.0,0.7538266417419013,0.726710107191813,0.7712834788094226,0.3885618045042144,0.52499213968551,0.8053633090217853
JPN,B_dev,Developed_Baseline,0.6450811185045711,1.344736676558587,1.7914633857019098,47997,0,0.0,0.7319364971647546,0.7209047695941266,0.7787724494560933,0.32140375936588994,0.5212969497216173,0.7961722857249446
IRL,A,Country_Self_Modeling,0.8265810818355378,0.9100804586508042,1.361978817956185,939,200,0.21299254526091588,0.8943213826901927,0.8579880500094015,0.9557087575237718,0.7093176802015901,0.6046778856494186,0.9374727349388512
IRL,B,Global_Baseline,0.7293749337978147,1.2575677354964703,1.6668010143323075,84935,0,0.0,0.8149406695568455,0.819381199743732,0.9537808788920297,0.22490190012549827,0.6159974763400377,0.9472474781287451
IRL,B_dev,Developed_Baseline,0.7366578072877261,1.222170531221732,1.6578347137107725,58808,0,0.0,0.828045211284103,0.8167668844285524,0.9546504275589648,0.2766424980841298,0.5862200363505352,0.9576217860200716
CHN,A,Country_Self_Modeling,0.8820840618530777,0.6673426317047269,1.0108893398798957,23057,9790,0.4245999045842911,0.885432301152884,0.8710987770525174,0.9655172311387163,0.7843810084633807,0.8372641654910544,0.9488108878199133
CHN,B,Global_Baseline,0.658078217827696,1.3014941747780537,1.7151929330521343,71235,0,0.0,0.6111646494926507,0.6651613801588564,0.8039342603319437,0.5112987694828819,0.5726541822185114,0.7842560652813326
CHN,B_dev,Developed_Baseline,0.6801576708843772,1.24599157274753,1.6608279875708452,59096,0,0.0,0.6429113460079273,0.6800079955643759,0.8376252758813029,0.5168625220087887,0.5891464937414901,0.8143923921023779
SWE,A,Country_Self_Modeling,0.8220876780419196,0.9259902851490072,1.343051062683591,3163,947,0.2993993044577932,0.8328259560810032,0.8368766715661489,0.9706271709631668,0.5794266302257323,0.7497086930014707,0.9630609464139954
SWE,B,Global_Baseline,0.7259351955839132,1.2447239974565532,1.7360816208571925,83868,0,0.0,0.6881006984863618,0.746125456950039,0.9219776345700735,0.5020390003945066,0.5883317929608329,0.909036590141665
SWE,B_dev,Developed_Baseline,0.7262838798458838,1.248763925401179,1.72604098305452,57741,0,0.0,0.677021149824852,0.7497625796515326,0.9306002176634722,0.48408196897333944,0.610904719447259,0.9053326435148478
DNK,A,Country_Self_Modeling,0.7514825492566956,1.1747511636994277,1.749954046556175,881,203,0.2304199772985244,0.8514255004299355,0.8286601298824956,0.9716287413797331,0.7121104876286178,0.1858503142540029,0.9592201219653885
DNK,B,Global_Baseline,0.6414559097195316,1.5001414670231794,2.0337927191879452,84932,0,0.0,0.7740400808228669,0.6767203793074625,0.9164352824982904,0.311735622942688,0.26498734168638083,0.9048167510595007
DNK,B_dev,Developed_Baseline,0.6468298956645293,1.5228139235300484,2.0365111518457444,58805,0,0.0,0.8022763203311457,0.7067608717164675,0.8253640344702842,0.38949084540096823,0.3277630088887664,0.8293242931795438
PHL,A,Country_Self_Modeling,0.8057242291083938,0.907125191477055,1.4168570419551443,990,278,0.2808080808080808,0.873596749774575,0.8335870479091025,0.9432205409549839,0.6253019737828163,0.6589273810102181,0.8997116812186671
PHL,B,Global_Baseline,0.6056637985110458,1.476049070593562,1.9706258171671012,84825,0,0.0,0.6162945455260036,0.4399631516536264,0.6803750124211113,0.6542165293575817,0.563865263176857,0.6792682889310946
PHL,B_dev,Developed_Baseline,0.5290968695508357,1.6506491983546718,2.136831531560701,59096,0,0.0,0.5888636955592483,0.40241422618206835,0.4869242967706544,0.6146317949655671,0.5100742879576213,0.571672915869855
LUX,A,Country_Self_Modeling,0.7997816550940441,1.1410748233932786,1.5708288467397402,469,125,0.26652452025586354,0.9544316123750615,0.7553550933363837,0.9301221016832564,0.587403043185425,0.6320848221772499,0.9392932578068881
LUX,B,Global_Baseline,0.7295966120210134,1.3760712652510134,1.8636231932035097,85044,0,0.0,0.813659510385782,0.8224471695699861,0.9490943849655712,0.5463367383036131,0.3116842249115166,0.9343576439896122
LUX,B_dev,Developed_Baseline,0.710335596197179,1.430384293057237,1.921455979769635,58917,0,0.0,0.8253652671050139,0.822042680580901,0.9492597980860712,0.49341654607429797,0.2367634746107099,0.935165810726081
NOR,A,Country_Self_Modeling,0.7746478335959198,1.1909838685825451,1.6964880994287561,1243,340,0.2735317779565567,0.7451627721465931,0.7873751410730827,0.9403103576154547,0.7202262842371443,0.5185699626272495,0.9362424838759943
NOR,B,Global_Baseline,0.615368503299517,1.694628124157976,2.2937507841115754,84737,0,0.0,0.6767278432290167,0.5795845643245935,0.9061929119923576,0.3121627361056679,0.3412736882564653,0.8762692758890012
NOR,B_dev,Developed_Baseline,0.6008517436936652,1.6810930203149346,2.321473586937449,58610,0,0.0,0.6807325031186625,0.5139790544046443,0.9145006051310937,0.29056312053888766,0.3203919949246581,0.8849431840440446
AUS,A,Country_Self_Modeling,0.8467581724696478,0.8641312471393799,1.3560523753591927,6644,1554,0.23389524382901866,0.8366942701672085,0.8609698068373811,0.9598303583744492,0.7862072551759158,0.7033976146020161,0.9334497296609161
AUS,B,Global_Baseline,0.7415706625421583,1.2971551393148608,1.8351828565266761,83003,0,0.0,0.7601307452941913,0.7537701979150871,0.9088620488070263,0.5951098893658763,0.560251291507571,0.8712998023631982
AUS,B_dev,Developed_Baseline,0.7550148334719976,1.2469219687246826,1.7834641853494544,56876,0,0.0,0.768868248667406,0.7796150715239263,0.9125179554561226,0.5967447861982174,0.5812751793770853,0.8910677596092282
FRA,A,Country_Self_Modeling,0.8619888287399591,0.8308436103646724,1.2766249861307217,4011,977,0.24358015457491897,0.9252112753420529,0.8892827330974485,0.969855456195812,0.6387370162631507,0.7786828787650222,0.9701636127762686
FRA,B,Global_Baseline,0.7235569405519913,1.3505900596085556,1.8423776730110761,83826,0,0.0,0.8206319181209345,0.7778524715430083,0.8956640751399805,0.3621986429173667,0.5861887265372998,0.8988058090533583
FRA,B_dev,Developed_Baseline,0.732062385122641,1.324570355212993,1.8141001238169105,57699,0,0.0,0.8199433161011916,0.8051079200615188,0.9101161566789214,0.371288331215908,0.5920898706421183,0.8938287160361889
ESP,A,Country_Self_Modeling,0.8378761031582139,0.9779106298213919,1.3665467245991454,1461,305,0.20876112251882273,0.8738389183058557,0.8713878454885478,0.9172482856193861,0.6519597152007106,0.7636226043927974,0.949199249941986
ESP,B,Global_Baseline,0.6003588448788312,1.6466171099696918,2.128219256933338,84786,0,0.0,0.6892865624618356,0.6603870828552983,0.834362357094113,0.23342463123998713,0.3410042695116705,0.843688166110082
ESP,B_dev,Developed_Baseline,0.6260152214531093,1.5433335580021652,2.0702136209482727,58659,0,0.0,0.6999649324702799,0.741709589793186,0.8842194986130317,0.24336625173025284,0.31299204540166414,0.8738390107102411
ARE,A,Country_Self_Modeling,0.7171183441371496,1.10806133807807,1.615051076697184,491,164,0.3340122199592668,0.7637763231342058,0.6869822134832464,0.8986870616718234,0.5176475329184169,0.5554496210488293,0.8801673125663758
ARE,B,Global_Baseline,0.6316398791026264,1.4681846032588222,1.9097033212743817,84987,0,0.0,0.7079707882767354,0.547509633189852,0.6880460783273501,0.4767245600329172,0.6902539884036605,0.6793342263852438
ARE,B_dev,Developed_Baseline,0.6614764842104105,1.3908806763698178,1.8458008195363227,58860,0,0.0,0.7324732335221188,0.5749557148893634,0.751690130956893,0.4526630845955064,0.6891503244815689,0.7679264168170129
ITA,A,Country_Self_Modeling,0.8384568537845271,0.8657974152040904,1.2477954276137957,2067,477,0.23076923076923078,0.9355639439506458,0.9322092370143434,0.9775008993143697,0.5039396906421232,0.6995869411544545,0.9819404106312262
ITA,B,Global_Baseline,0.6224747331205788,1.5249438843575789,1.979194029332347,84540,0,0.0,0.8080720774449681,0.7039400305946486,0.7742757380959627,0.10656813805788179,0.4884452962700925,0.853547118259919
ITA,B_dev,Developed_Baseline,0.6933347683228663,1.344599042087107,1.787816238959927,58413,0,0.0,0.8340943647429488,0.7822349228456877,0.9194950671453275,0.20384073469552788,0.4975201868361525,0.9228233336715538
DEU,A,Country_Self_Modeling,0.8942693800293472,0.7396014028863958,1.1119107780664879,3676,943,0.25652883569096846,0.929787236038284,0.9318011885354797,0.9785467526941037,0.7767891581975241,0.7676694263678884,0.981022518342804
DEU,B,Global_Baseline,0.7193345276183224,1.3602366965797839,1.862194362505276,83874,0,0.0,0.7872378201210068,0.7924712499272579,0.9082876064630413,0.39602873001115824,0.5146869734615099,0.9172947857259608
DEU,B_dev,Developed_Baseline,0.7460257367974453,1.2514452902247382,1.7457019054858929,57747,0,0.0,0.8039386647106976,0.8019379524190451,0.9414102181366965,0.39445386683503714,0.5917234518726159,0.9426902668105805
HKG,A,Country_Self_Modeling,0.8771622031436305,0.8161155392639255,1.1799090112430035,6089,1874,0.30776810642141567,0.8706509762661525,0.90016113789521,0.9454761982044468,0.7798434214467109,0.8183564110902466,0.9484850739590152
HKG,B,Global_Baseline,0.724401776797115,1.3583636638069585,1.8346089987842393,82545,0,0.0,0.6430499623567846,0.7321077799795352,0.8642753593193878,0.6213713109870882,0.637953367708137,0.847652880431758
HKG,B_dev,Developed_Baseline,0.665073864095396,1.5502498585445343,2.01965029836135,56418,0,0.0,0.6126323284456449,0.6992284604843311,0.766542416051831,0.5392291039775599,0.5978079814438708,0.7750028941691389
CHE,A,Country_Self_Modeling,0.8620741729689861,0.8363862064225436,1.2305823448661688,3051,721,0.2363159619796788,0.913616706215234,0.8989249282053062,0.9757938439205721,0.6479186726868318,0.7578438074611568,0.9783470793248159
CHE,B,Global_Baseline,0.7149358446796025,1.2866360846140896,1.7752829787748918,84192,0,0.0,0.7862709150349563,0.7875263506155401,0.9216253975013539,0.3147284094154015,0.5444452396903775,0.9350187558199854
CHE,B_dev,Developed_Baseline,0.7325099835556346,1.2248194772488892,1.712902354572061,58065,0,0.0,0.8017316614706658,0.8141840019062407,0.9335317429512858,0.3312717935205648,0.5766902833141008,0.9376504181709495
SGP,A,Country_Self_Modeling,0.8102381778806887,0.9705793987803957,1.3671931557905739,2012,571,0.2837972166998012,0.8047135284902882,0.7838311423285034,0.9616675531766014,0.6534543420264853,0.7388567907863832,0.918905710475871
SGP,B,Global_Baseline,0.5856369838269698,1.5293672897862745,1.9704718082728856,84406,0,0.0,0.5195232695336964,0.39173239873676313,0.7598561040173438,0.6425049532554403,0.6160439633285177,0.5841612140900575
SGP,B_dev,Developed_Baseline,0.5790234987070725,1.548822234384834,1.9935034047994957,58279,0,0.0,0.5197795153787809,0.3734978346698815,0.7407706956861315,0.6067244478066725,0.6108070391742558,0.6225614595267128
ZAF,A,Country_Self_Modeling,0.8241072460039544,0.9162457992379612,1.3561452596778338,2410,499,0.2070539419087137,0.9183816956256092,0.935300094971335,0.9567106432662277,0.4589825940858956,0.7236389334358929,0.9516295146387667
ZAF,B,Global_Baseline,0.6189116456006544,1.5219830414106752,2.051117814956371,84510,0,0.0,0.7162453550944706,0.6387471002076726,0.789375926462137,0.28619529751484796,0.5138404610651621,0.7690657332596357
ZAF,B_dev,Developed_Baseline,0.5390037108878608,1.6887902922095523,2.210917947682193,59096,0,0.0,0.6918714293797791,0.6703421723261668,0.45387211167775054,0.3144520965861629,0.48542961816937535,0.61805483718793
MYS,A,Country_Self_Modeling,0.8362876935563196,0.8031061776825722,1.1133028276359778,2691,823,0.3058342623560015,0.7834421088262953,0.7636531397386896,0.9560798356375351,0.8056906763423414,0.807294130652834,0.901566270140222
MYS,B,Global_Baseline,0.6734035462441826,1.2242242719339536,1.650927842588653,84046,0,0.0,0.7264378473600197,0.6020027138484347,0.7951188419817553,0.4940635242939527,0.6166323398990101,0.806166010081923
MYS,B_dev,Developed_Baseline,0.6498039740576202,1.2689094527584854,1.6972378512493937,59096,0,0.0,0.6937652355836247,0.5813243890424581,0.7067904077526161,0.516391337905137,0.626633117540252,0.7739193565216338
BEL,A,Country_Self_Modeling,0.815096854446618,0.9972872523673049,1.4106087579447009,928,226,0.2435344827586207,0.9175954117275429,0.8064544142274604,0.9183251998633983,0.5841002469581023,0.7272571679754851,0.9368486859277186
BEL,B,Global_Baseline,0.6696328974014891,1.552655399183415,2.1000307798155027,84899,0,0.0,0.7280145394317276,0.6959847655830406,0.8212234578202684,0.5209970544319293,0.4490518773091302,0.8025256898328392
BEL,B_dev,Developed_Baseline,0.7023398978712964,1.4029369047633757,1.989502864638485,58772,0,0.0,0.7384000551256611,0.7238513764728094,0.9116429212825946,0.5337947195417312,0.4163655977109211,0.8899847170940616
FIN,A,Country_Self_Modeling,0.7988327804870016,0.9574107296600451,1.3486248487578594,1004,242,0.2410358565737052,0.7556737392252119,0.923493069188638,0.9521921399659516,0.5359117331266774,0.6764444923493146,0.9492815090662156
FIN,B,Global_Baseline,0.6763034650590427,1.3517633635516952,1.8216558409103347,84877,0,0.0,0.7459567575870646,0.8389967437409845,0.9207523097123735,0.04989558678676198,0.5727815917951404,0.9294378007319309
FIN,B_dev,Developed_Baseline,0.6956294293543239,1.2950202454010544,1.7632178603116158,58750,0,0.0,0.7629473529305112,0.8543611972333336,0.9006135833369013,0.10274702704637106,0.6101340245759099,0.9429733910029163
BRA,A,Country_Self_Modeling,0.7821078462374204,1.0841856138066006,1.5403747019197518,2657,714,0.26872412495295445,0.8711461257310145,0.7948713623361623,0.9468192775144838,0.5281338986549949,0.6105508520477354,0.9411255611401309
BRA,B,Global_Baseline,0.5675525980795837,1.6469362965616003,2.196401123594626,84203,0,0.0,0.7224404567838913,0.4638325640675044,0.8281399013854376,0.2764454427685381,0.30242852982876667,0.8120286936433644
BRA,B_dev,Developed_Baseline,0.5604235431771131,1.665491320173041,2.2037747454214247,59096,0,0.0,0.7147743454497697,0.41532917046655604,0.82626892821357,0.27510636483863427,0.32863930882849324,0.8024231412656554
MEX,A,Country_Self_Modeling,0.8252469098598877,1.0330961151472529,1.3752516750255195,1119,289,0.258266309204647,0.9073673306271893,0.8176676567471158,0.9617830538810719,0.7136472520554507,0.6452815741852373,0.9057345916632602
MEX,B,Global_Baseline,0.6917967748266313,1.4255827551187839,1.90693352548057,84810,0,0.0,0.7983881726239759,0.6583076113314099,0.8797608856836685,0.40907829681629604,0.5814321509991791,0.8238135315052582
MEX,B_dev,Developed_Baseline,0.6131632723320419,1.619164202509708,2.123138459951321,59096,0,0.0,0.7862061657227072,0.6051690394102843,0.7262363626363797,0.31422400787514726,0.5322111305035403,0.7149329278441933
GRC,A,Country_Self_Modeling,0.7698760085133537,1.0951227226969253,1.6362786624065118,615,139,0.22601626016260162,0.8228190897094849,0.6180025268283481,0.8719655816081371,0.7200234038253339,0.7018832470302867,0.8845622020785319
GRC,B,Global_Baseline,0.6483675035911031,1.4243086389760606,1.979060357904789,85024,0,0.0,0.7518055672207904,0.5747526095454119,0.8824457763103396,0.322315565583142,0.5414019366485523,0.8174835662383823
GRC,B_dev,Developed_Baseline,0.6572196847731077,1.384638953949412,1.9444086255984125,58897,0,0.0,0.753848746607815,0.5751634235685784,0.9109944288733076,0.3117579002580184,0.5811336319052369,0.8104199774256894
TWN,A,Country_Self_Modeling,0.832302237501351,0.6868176009266161,1.0946817800254043,8959,3019,0.33697957361312647,0.8337863531416796,0.8681928108338257,0.9724720099825426,0.6721092316817883,0.7050055418791072,0.9422474774891629
TWN,B,Global_Baseline,0.6485348827956778,1.1282873066038845,1.5954172248270695,80908,0,0.0,0.6205214692806235,0.6784640008809242,0.8118724548321048,0.45418255341264435,0.5309578142743745,0.7952110040933955
TWN,B_dev,Developed_Baseline,0.6204133985158405,1.1866850119473802,1.6501833110202266,54781,0,0.0,0.5791973349168322,0.647856150839315,0.7828514863492958,0.4087772188114659,0.5469285599653358,0.7568696402127987
AUT,A,Country_Self_Modeling,0.8118214656975478,0.8706103659566703,1.2192787024877314,630,139,0.22063492063492063,0.8532465074187529,0.8111359506654359,0.9001136836651616,0.5990252525950333,0.8172509761673559,0.8901564236735477
AUT,B,Global_Baseline,0.7008633080748945,1.333943551196376,1.7444522688877138,85023,0,0.0,0.8140979683798402,0.709063661662555,0.8507188356965097,0.3969584913679923,0.5384815473712056,0.8958593439712638
AUT,B_dev,Developed_Baseline,0.6879700080684051,1.3659686747641475,1.7927191257331385,58896,0,0.0,0.8285782781938875,0.7407448616152144,0.8096832675750179,0.4046623294608551,0.4889552522808872,0.8551960592845692
IND,A,Country_Self_Modeling,0.8456624739861524,0.7664781261542579,1.1448172781950745,7739,2532,0.3271740534952836,0.8853967574711108,0.8066057981956756,0.9485503449362209,0.6981674200321619,0.7991908354262768,0.9360636878554677
IND,B,Global_Baseline,0.5545676789184799,1.409126177871747,1.8931913554258557,81605,0,0.0,0.6589169737383781,0.48779580656698973,0.6062930037573717,0.3790590384771195,0.581483961921633,0.6138572890493875
IND,B_dev,Developed_Baseline,0.4341443842503936,1.6109979244495627,2.082967532571273,59096,0,0.0,0.5983651191535605,0.41857297102172664,0.2497731412959956,0.3391440795548535,0.5718481289937122,0.42716286548251337
PRT,A,Country_Self_Modeling,0.8354686236141883,1.0884887847273639,1.3822790767817985,306,56,0.1830065359477124,0.9750150177137847,0.9182231187342583,0.9624081815314082,0.8195653056678625,0.3556483132294088,0.9819518048084069
PRT,B,Global_Baseline,0.6399217050641215,1.4174654769807058,1.9200074004270562,85143,0,0.0,0.8835548795911415,0.7812967928868891,0.9197642902171816,-0.1331257971794113,0.46815013987494125,0.9198899249939865
PRT,B_dev,Developed_Baseline,0.6733380270708215,1.335005573140717,1.8198014092537582,59016,0,0.0,0.8701806547839367,0.7680130814380759,0.9427584717214484,-0.024782766793303823,0.5526480007923367,0.9312107204824354
KOR,A,Country_Self_Modeling,0.8772892507364701,0.6185747789987371,0.9560053758480357,10737,3832,0.35689671230325043,0.9083935999913378,0.9462251158207811,0.9766564969059028,0.6822138867506085,0.7773483621864994,0.9728980427636909
KOR,B,Global_Baseline,0.18758951022554396,1.9999689382536434,2.426163477342294,79747,0,0.0,0.34632773297035835,-0.10081725561219779,0.0028032877484099883,0.24788468129769026,0.4826943844769228,0.1466442304720803
KOR,B_dev,Developed_Baseline,0.3583191649337611,1.8079553643970439,2.2524891870330053,53620,0,0.0,0.5076431041085565,0.2814636347308386,0.38560426359834465,0.30366450316148363,0.2539144744674514,0.41762500953589177
THA,A,Country_Self_Modeling,0.8910162173378652,0.6485569065488856,1.0336025939537647,2453,807,0.32898491642886263,0.9356617649180303,0.8037574459779827,0.9678432004757385,0.7964568686451178,0.8791348435266606,0.9632431804836623
THA,B,Global_Baseline,0.5726549321043252,1.48925818985179,1.946002496362479,84068,0,0.0,0.728917451044646,0.298159488813433,0.5712033255492406,0.5721778689117647,0.7112090155985427,0.5542624427083238
THA,B_dev,Developed_Baseline,0.5635567622606926,1.5272204611317663,1.9756123989851695,59096,0,0.0,0.7267976722993392,0.3784544053225163,0.45835859414048374,0.5664490164949094,0.6890363138495712,0.5622445714573361
CHL,A,Country_Self_Modeling,0.8089619322334505,0.9106592188738124,1.2920377643230245,730,162,0.2219178082191781,0.9510956903005443,0.7416333985090204,0.940156399084229,0.6059482915407564,0.6526738407472883,0.9622639732188645
CHL,B,Global_Baseline,0.41912789099493136,1.6897138710549466,2.167928329297333,84991,0,0.0,0.6934628764061869,0.2850059058263358,0.22361628433539915,0.46038934181938673,0.4471665436091594,0.4051263939731198
CHL,B_dev,Developed_Baseline,0.30395383036311974,1.8417472402586466,2.3373123202201214,58864,0,0.0,0.5791176412476444,0.20025353199138873,-0.0007285469827160718,0.4610488536995122,0.39880865427734125,0.18522284794554766
CYM,A,Country_Self_Modeling,0.5425498546940112,1.2625133896794085,1.8649747054860206,252,101,0.4007936507936508,0.358728818919293,0.7617694476090434,0.8925239981362757,0.24065033112038148,0.12862407759517802,0.8730024547838953
CYM,B,Global_Baseline,0.6654063439151704,1.0815917417595033,1.6349124818864489,85078,0,0.0,0.5420285952534475,0.6342200272191645,0.8746176150767052,0.5264023741308472,0.5897125109790666,0.8254569408317909
CYM,B_dev,Developed_Baseline,0.6768035123393162,1.0663921029777441,1.614657070770459,58951,0,0.0,0.6146244018135932,0.6173832813317321,0.8973838832920932,0.5858352370911022,0.5689140372816016,0.7766802332257744
ARG,A,Country_Self_Modeling,-0.627824088014677,2.9264049019628007,3.2141042549101573,167,34,0.20359281437125748,-0.5101799255111539,-1.3198833101812855,-0.9524112781169394,-0.1691659341569105,-0.15937281005620707,-0.6559312700655657
ARG,B,Global_Baseline,0.7050850210600218,1.355067420274074,1.709530084366872,85173,0,0.0,0.8694163202034492,0.6790622331752905,0.7900005903743493,0.38875618662229217,0.6908969129330182,0.8123778830517316
ARG,B_dev,Developed_Baseline,0.6491478738307049,1.4542704447174586,1.842044202544373,59096,0,0.0,0.7865592893036373,0.711966161865148,0.6104304120273734,0.3649270295949312,0.6945395455256209,0.7264648046675191
IDN,A,Country_Self_Modeling,0.842390076846587,0.8830325168603345,1.2484609351936624,1928,658,0.3412863070539419,0.8580458841722591,0.751514848042609,0.943783192862247,0.7460234177129565,0.8585324989336449,0.8964406193558049
IDN,B,Global_Baseline,0.35222478884743835,1.994242973731552,2.52552381240501,84281,0,0.0,0.4785276073880125,0.14654820251218126,0.19979214704312298,0.3454338061071328,0.6158603124069456,0.3271866576272351
IDN,B_dev,Developed_Baseline,0.20377379281509023,2.19779593654695,2.7167035952410745,59096,0,0.0,0.48025644160262637,-0.029023579851372494,-0.15215616015420697,0.18823346598188828,0.6569175591655924,0.07841503014601381
RUS,A,Country_Self_Modeling,0.7380459397560326,1.0815934464934474,1.5695007101296923,954,179,0.18763102725366876,0.8498257402896883,0.7079868833277388,0.864782517676983,0.34115432167580895,0.8196382137984354,0.8448879617675413
RUS,B,Global_Baseline,0.5908042889543613,1.6392633476872074,2.165740443236856,84966,0,0.0,0.7134720487701627,0.6030511310287409,0.6414622296586628,0.3907176569337768,0.5974458030885514,0.5986768642462734
RUS,B_dev,Developed_Baseline,0.47553155011728343,1.7905221101223583,2.3656409227815556,59096,0,0.0,0.6295567925558796,0.2989976841599219,0.41496322705765687,0.3545178607087808,0.6614735646371712,0.49368017158429034
COL,A,Country_Self_Modeling,0.7817179716100332,1.2308698011900374,1.5300120569301736,267,62,0.23220973782771537,0.704894996803402,0.886199907584916,0.9463593526292811,0.775269773151759,0.5072713570924278,0.8703124423984128
COL,B,Global_Baseline,0.5499606283480758,1.586002927740827,2.1389445926860224,85133,0,0.0,0.5793599187299325,0.4322242883884343,0.7109428842929586,0.36828245646370106,0.6046318189701828,0.6043224032432457
COL,B_dev,Developed_Baseline,0.3449563670513129,1.8350934162925918,2.426638688436079,59096,0,0.0,0.570146144431407,0.06961184848852764,0.41879694346893426,0.14204410754942332,0.6389878147573644,0.23015134361222078
TUR,A,Country_Self_Modeling,0.7698772254107314,1.032447363997435,1.4555607879489278,1390,429,0.30863309352517987,0.8461325939146079,0.8089483531435817,0.9265316361761373,0.4020100101095272,0.7464413722698058,0.8891993868507284
TUR,B,Global_Baseline,0.6330545897615975,1.398678249165443,1.9375945026380446,84609,0,0.0,0.6788915894589932,0.6244049883775996,0.780181086583348,0.33081819062299533,0.6210737519207752,0.7629579316058737
TUR,B_dev,Developed_Baseline,0.6028490081866865,1.4714098868700336,2.0038071820998407,59096,0,0.0,0.7535239126074056,0.5996411370383359,0.602726249793061,0.3605971887187295,0.5770475753667542,0.7235579855958331
PER,A,Country_Self_Modeling,0.7104679876921031,0.986158494626996,1.3280889416557893,323,60,0.18575851393188855,0.9013286024132944,0.6134505742298315,0.9103090493935321,0.027929273688085732,0.8962085950153079,0.9135818314125662
PER,B,Global_Baseline,0.6241524750425375,1.2979948534202483,1.6676935838944702,85136,0,0.0,0.7095301724279297,0.5959424480971773,0.8029927528574019,0.2236213322675703,0.6535276082276089,0.7593005363775365
PER,B_dev,Developed_Baseline,0.5863910072425469,1.3503059603369205,1.6871523908886943,59096,0,0.0,0.6725407766854696,0.5362960728641563,0.7106648751974756,0.41960666956645554,0.662642333769373,0.5165953153723508
NZL,A,Country_Self_Modeling,0.7728154850003679,0.9761686503508237,1.4822192954220539,701,214,0.30527817403708984,0.8734451540894141,0.6849549647550687,0.9446410608975366,0.5514209257795893,0.6691944586037848,0.9132363458768135
NZL,B,Global_Baseline,0.6402254339486173,1.3558468914619164,1.8766156922065347,84916,0,0.0,0.6860257735863737,0.43882368800964966,0.8968737503627768,0.4886700386020978,0.49135233112488064,0.8396070220059247
NZL,B_dev,Developed_Baseline,0.6320787361375956,1.306446577399284,1.8875587551189854,58789,0,0.0,0.6223786518393526,0.42140122850562545,0.9159334123541456,0.49826300703132886,0.5227686778586484,0.8117274392364723
MAR,A,Country_Self_Modeling,0.8462702140523088,0.7493458292169528,1.0002318811492563,257,46,0.17898832684824903,0.9877696817530769,0.5381056160072994,0.9656743327698022,0.8713115557029267,0.7348353972900156,0.9799247007907318
MAR,B,Global_Baseline,0.5743357827163785,1.2421976377980102,1.6107027719447826,85157,0,0.0,0.7086628304856246,0.061935819816573146,0.5517144031586121,0.7351073742847835,0.7615780662927654,0.627016202259913
MAR,B_dev,Developed_Baseline,0.562094470006267,1.3599753171633344,1.7115059419209586,59096,0,0.0,0.7068001205922362,0.4468298780753076,0.33859838103410556,0.6155525455089275,0.6186795641504998,0.646106330676526
EGY,A,Country_Self_Modeling,0.7571777421864428,0.8817198150542568,1.417163692016296,544,131,0.24080882352941177,0.8691521216473557,0.7178842112105237,0.8536645815174442,0.42891941231177033,0.80629415129166,0.8671519751399036
EGY,B,Global_Baseline,0.7104272610762399,1.1528140129199538,1.521852509373738,85034,0,0.0,0.7609626923612748,0.616620539987739,0.7169459693617555,0.6267630930018174,0.7669676582559912,0.7743036134888613
EGY,B_dev,Developed_Baseline,0.6089755636983861,1.3288223658201557,1.7100796764676331,59096,0,0.0,0.727351222810078,0.5158506993621865,0.45960209895565307,0.48508941261806116,0.772225060723992,0.6937348877203464
POL,A,Country_Self_Modeling,0.7698920211840328,1.0763697678884925,1.6169141565361576,1154,246,0.21317157712305027,0.8646648202400717,0.6655658703740555,0.9061757866579994,0.688386040721382,0.6158867205935792,0.8786728885171082
POL,B,Global_Baseline,0.7609090137403235,1.2666560680542338,1.6759604097096503,84871,0,0.0,0.8287355693899852,0.7333120448250163,0.8844504197080333,0.5538991153649885,0.682720200435206,0.882336732718712
POL,B_dev,Developed_Baseline,0.7508111470201589,1.2906153058471468,1.7010021466187417,58744,0,0.0,0.8317676462947426,0.7878255375613783,0.8273729211570094,0.4872320291740675,0.6896344115391906,0.8810343363945661
QAT,A,Country_Self_Modeling,0.8012955836417551,0.8728607212199178,1.2333627221053904,309,112,0.36245954692556637,0.8715742666596187,0.8169288454575261,0.8945076976822774,0.7979583350258428,0.5567462769584417,0.8700580800668243
QAT,B,Global_Baseline,0.47337525860744484,1.3076817162109011,2.060765809104357,85061,0,0.0,0.44186219884176203,0.31748391396087683,0.5757937084663225,0.6164848179183889,0.602732119381842,0.2858947930754765
QAT,B_dev,Developed_Baseline,0.541173685286879,1.207977619457454,1.8964830465532083,58934,0,0.0,0.5463060497094446,0.3109706246011611,0.47735826944636595,0.6772199981470075,0.6751971328305968,0.5599900369866977
PAK,A,Country_Self_Modeling,0.7554177768652247,0.857539285063926,1.3743432635555013,643,211,0.328149300155521,0.8558071244191129,0.7499259019916731,0.6986285229569951,0.6514732768153042,0.8014258599333419,0.7752459750749213
PAK,B,Global_Baseline,0.5046556103356341,1.4032474771001346,1.90275902228689,84920,0,0.0,0.5920132805670705,-0.11705975290613879,0.4853600467914705,0.6302481561394359,0.9035928903678535,0.5337790410541131
PAK,B_dev,Developed_Baseline,0.1703992553218594,1.874443349417863,2.3466277847204426,59096,0,0.0,0.5901601178549318,-0.6030208521049363,-0.39121939530505534,0.45353921974331546,0.8845206735487645,0.0884157681941361
NGA,A,Country_Self_Modeling,0.8068494008791837,0.8573244349564492,1.2630132333796247,276,63,0.22826086956521738,0.932442824871557,0.867488512826637,0.8746483543229886,0.6240510785558135,0.5844120477002851,0.9580535869978207
NGA,B,Global_Baseline,0.6390098037465213,1.1681514482278939,1.4759750728144987,85132,0,0.0,0.7546519600552353,0.42727867900011995,0.5840423411741482,0.6214964449512979,0.827449227804302,0.6191401694940244
NGA,B_dev,Developed_Baseline,0.3301600937632593,1.5403893624406617,1.8679589335301732,59096,0,0.0,0.6969113083826672,-0.10997273891167492,-0.13263622711949052,0.367155692838541,0.80649524905339,0.3530072783361229
KEN,A,Country_Self_Modeling,-0.40496310127811014,2.3866980397314936,2.589306375898223,131,36,0.2748091603053435,-0.3860391308829285,-0.48002290538824877,-0.4036967142086032,-0.30375737695934313,-0.3147377852559774,-0.5415246949735602
KEN,B,Global_Baseline,0.3510236099740737,1.2854229865488231,1.7417544608418913,85171,0,0.0,0.6315760438894709,0.06716121584835277,0.12278222821071072,0.2537870271941097,0.8477030876544245,0.1831320570473739
KEN,B_dev,Developed_Baseline,-0.03393905745975906,1.5956291111102887,2.0224635071435233,59096,0,0.0,0.7306564445128876,-0.8898183441494074,-1.0195793679298961,0.1722469782457633,0.7883978219526291,0.01446212260946933
KWT,A,Country_Self_Modeling,0.9044177045841283,0.7001076864815658,0.9047922407516737,315,133,0.4222222222222222,0.9101786323581313,0.906698669842431,0.9363196282681332,0.867108363447654,0.8759946146952248,0.9302063188931952
KWT,B,Global_Baseline,0.31087126830713624,1.5539223965322382,2.0577649641513167,85032,0,0.0,0.3736624137903446,-0.19103394551947628,0.289040225363441,0.47316789481081767,0.7186537010403696,0.20173732035732073
KWT,B_dev,Developed_Baseline,0.03856442444680023,2.001127892056859,2.4686877551433017,58905,0,0.0,0.1357143708368047,-0.32990632437688694,-0.2108640379347766,0.3807275630420386,0.4593665526724089,-0.20365157755878727
SAU,A,Country_Self_Modeling,0.9177843905644018,0.6111574444505045,0.8853672858570977,962,564,0.5862785862785863,0.9461254181717101,0.9310674154052361,0.9677205183103281,0.8022195888600337,0.8896476195745622,0.9699257830645402
SAU,B,Global_Baseline,0.7316682306247945,1.1834068812451755,1.5950155984509997,84417,0,0.0,0.7404646694238521,0.7182646098411214,0.7355137798982474,0.691261219944078,0.752717488500559,0.7517876161409095
SAU,B_dev,Developed_Baseline,0.7304936125696467,1.2010846474882635,1.5951268836465087,58290,0,0.0,0.7778647207727041,0.6897451819972398,0.7572637365792964,0.6844268781649534,0.7451775341731723,0.7284836237305148
VNM,A,Country_Self_Modeling,0.9009884244486281,0.536826517058273,0.7089986130174579,589,79,0.13412563667232597,0.9676015138175776,0.726536300118498,0.9199207642256371,0.8959743629931894,0.9409368911108743,0.9549607144259917
VNM,B,Global_Baseline,0.33980313589114247,1.5149279807155482,1.944610850854543,85110,0,0.0,0.5647205605857569,-0.25324718509655963,0.2040641037614287,0.6866811842767325,0.6791064781956448,0.15749367362385147
VNM,B_dev,Developed_Baseline,-0.14292139904531911,2.0750388033946403,2.5169872118029706,59096,0,0.0,0.3866828741374443,-0.9952141413799864,-0.9175808141498396,0.43819381540927715,0.48507579994181715,-0.2546859282306273
