model,country,experiment_type,R2_Average,MAE_Average,R2_Average_raw,MAE_Average_raw,ensemble_strategy,ensemble_selected_lambda,ensemble_val_mean_r2,pretrain_final_loss,finetune_final_val_r2,source_samples,target_train_samples,target_test_samples,freeze_encoder,pretrain_lr,finetune_lr,finetune_patience,finetune_weight_decay,d_model,n_layers,temperature,n_source,n_train,n_val,n_test,n_total,years_min,years_max,n_years,R2_target_0,R2_target_1,R2_target_2,R2_target_3,R2_target_4,R2_target_5,R2_target_0_raw,R2_target_1_raw,R2_target_2_raw,R2_target_3_raw,R2_target_4_raw,R2_target_5_raw,seed,experiment_code
CT-CCTL-EMIT,SGP,Cross_Time_Contrastive_Learning,0.636215139675867,1.3684650159658858,0.5066737729819363,1.6912732808457482,ct_mlp_stack,1.0,0.6540362749633718,,0.5763026475906372,1455505,500,150,False,0.0003,1e-05,60,0.0001,384,4,0.07,1455505,500,167,150,817,2019,2023,5,0.5617697815693341,0.5825617151611651,0.8520679340720119,0.3922276447727905,0.6157594052561159,0.8129043572237842,0.4536597759579718,0.4094051186578176,0.7179716615574074,0.2559528625404788,0.476845794696134,0.7262074244818073,42,C_CT
CT-CCTL-EMIT,NOR,Cross_Time_Contrastive_Learning,0.625401326616353,1.7104764960898688,0.4080723575480005,2.3781056875828246,ct_mlp_stack,1.0,0.568343624088007,,0.5309715270996094,1465883,280,96,False,0.0003,1e-05,60,0.0001,384,4,0.07,1465883,280,110,96,486,2019,2023,5,0.7445386308357517,0.5533753725905186,0.7684905167426059,0.4664620884070124,0.4356284525900221,0.7839128985322067,0.5806961085562425,0.3027570639302303,0.6618541613761344,0.0237978256177934,0.1916194172882944,0.6877095685193083,42,C_CT
CT-CCTL-EMIT,FIN,Cross_Time_Contrastive_Learning,0.7268059072120732,1.2826251170615734,0.137338431408679,2.4288853487255526,ct_mlp_stack,0.0,0.668019185800888,,0.4770508408546448,1468698,206,68,False,0.0003,1e-05,60,0.0001,384,4,0.07,1468698,206,72,68,346,2019,2023,5,0.7635756773953274,0.8151323226239597,0.8430046358367533,0.4492688805730169,0.6210521947831034,0.8688017320602787,0.4488331183804589,0.2580933223475801,0.3191044604738368,-0.1089704075795527,0.1521300040945726,-0.2451599092648211,42,C_CT
CT-CCTL-EMIT,NGA,Cross_Time_Contrastive_Learning,0.3418963208795696,1.2191152403160268,-17.030970755853783,6.293344403141075,ct_mlp_stack,0.01,0.5862630511636319,,-2.9027252197265625,1470229,57,15,False,0.0003,1e-05,60,0.0001,384,4,0.07,1470229,57,19,15,91,2019,2023,5,0.412568550344641,-0.3512415410578908,0.3095563752285709,0.3540564854489111,0.8196674899050213,0.5067705654081641,-3.599299952582492,-20.94583267376187,-34.128644150479595,-1.3309463326086122,-3.028468801089434,-39.15263262460071,42,C_CT
CT-CCTL-EMIT,DEU,Cross_Time_Contrastive_Learning,0.7245998739795884,1.3210308452179034,0.6548013374918928,1.5445181165323545,ct_mlp_stack,1.0,0.7330519808795413,,0.7192001342773438,1448754,816,252,False,0.0003,1e-05,60,0.0001,384,4,0.07,1448754,816,281,252,1349,2019,2023,5,0.7884161589933321,0.7827330218796429,0.869553267031314,0.4744729524235442,0.5607552280943912,0.8716686154553059,0.7258330753972899,0.7570397439596293,0.8522259426853107,0.2135368312295358,0.5224678869672348,0.8577045447123566,42,C_CT
CT-CCTL-EMIT,RUS,Cross_Time_Contrastive_Learning,0.6123386976835914,1.5172973345578191,-0.6580344288248473,3.230548804336124,ct_mlp_stack,0.0,0.6452227693295784,,0.0879068374633789,1467927,192,30,False,0.0003,1e-05,60,0.0001,384,4,0.07,1467927,192,35,30,257,2019,2023,5,0.7730610247208807,0.7626477086941978,0.7213916006540446,0.0514894194971007,0.6849206750714043,0.6805217574639201,0.3675153714327662,-0.4751080886100134,-0.3857077282769603,-0.6340247048405188,-0.0394496487742703,-2.7814317738800867,42,C_CT
CT-CCTL-EMIT,KWT,Cross_Time_Contrastive_Learning,0.6579337875846948,1.182801883317918,-5.927331576731906,5.199384215672034,ct_mlp_stack,0.001,0.589674685504832,,-2.577643632888794,1469625,109,40,False,0.0003,1e-05,60,0.0001,384,4,0.07,1469625,109,42,40,191,2019,2023,5,0.7778862335419054,0.6360440206715161,0.7640003542008293,0.5511803962730373,0.4506970820599183,0.7677946387609618,-0.6697335474240216,-8.809203229265547,-10.632894089054242,-1.0712707928615246,-1.7652660969499672,-12.61562170483613,42,C_CT
CT-CCTL-EMIT,HKG,Cross_Time_Contrastive_Learning,0.7409823846777921,1.2869115640005584,0.6901616590177034,1.4224393659794492,ct_mlp_stack,1.0,0.7370215859517559,,0.7415481805801392,1437948,1664,474,False,0.0003,1e-05,60,0.0001,384,4,0.07,1437948,1664,540,474,2678,2019,2023,5,0.7169093296103524,0.8075156486412876,0.873743543454183,0.4732339705571166,0.6839924904488066,0.8904993253550062,0.7027081111956962,0.7486542885879076,0.816117002516801,0.3832313772678714,0.6419585890614691,0.8483005854764756,42,C_CT
CT-CCTL-EMIT,USA,Cross_Time_Contrastive_Learning,0.7493161556914948,1.197866366029931,0.7204168454494032,1.270442514016955,ct_mlp_stack,1.0,0.7684861225328459,,0.7683627605438232,1004831,9222,2998,False,0.0003,1e-05,60,0.0001,384,4,0.07,1004831,9222,3294,2998,15514,2019,2023,5,0.863662556059599,0.8626916814928748,0.9409133966535158,0.2885667703121192,0.5971405890324162,0.9429219405984438,0.8449518854144632,0.8417654779372041,0.9257177211892716,0.2386854204436311,0.5409704494338179,0.9304101182780316,42,C_CT
CT-CCTL-EMIT,CHN,Cross_Time_Contrastive_Learning,0.6701455394150968,1.1294533337778738,0.5858099113167554,1.2636568968724622,ct_mlp_stack,1.0,0.6747089253590227,,0.7247169017791748,1369804,7400,3192,False,0.0003,1e-05,60,0.0001,384,4,0.07,1369804,7400,3396,3192,13988,2019,2023,5,0.742039957197614,0.7406248755600566,0.8952073818467895,0.2044357813515583,0.5459197143428232,0.8926455261917394,0.720683856836436,0.7034934404554413,0.860655407156453,-0.0644432261285576,0.4210694549153738,0.8734005346653864,42,C_CT
CT-CCTL-EMIT,TUR,Cross_Time_Contrastive_Learning,0.4724705010183345,1.7986900613981265,0.3873808724230407,2.0269854137838013,ct_mlp_stack,0.0,0.5369911317528556,,0.5918444395065308,1464423,332,132,False,0.0003,1e-05,60,0.0001,384,4,0.07,1464423,332,150,132,614,2019,2023,5,0.4650069631367987,0.5452001755942146,0.6342526190313642,0.238263778813825,0.4630799126124519,0.4890195569213524,0.4889642435615698,0.4357476292855285,0.5542261877196649,-0.135429609911108,0.3119285744010145,0.6688482094815744,42,C_CT
CT-CCTL-EMIT,NZL,Cross_Time_Contrastive_Learning,0.4438441823605192,1.5591003645188628,0.056473039147422,2.3178774313738115,ct_mlp_stack,0.01,0.6054761948511082,,0.3237254619598388,1469273,185,59,False,0.0003,1e-05,60,0.0001,384,4,0.07,1469273,185,63,59,307,2019,2023,5,0.3723312911322263,0.1824210971033891,0.7650284922349502,0.2610969880526858,0.4201530894791289,0.6620341361607349,0.2711871522152175,0.2168695822631833,0.3153030509553146,-0.2738942026573328,0.0951746375386067,-0.285801985430457,42,C_CT
CT-CCTL-EMIT,ARE,Cross_Time_Contrastive_Learning,0.4590606759500344,1.7530960893084346,-0.6190764340995578,3.155410491656644,ct_mlp_stack,0.0,0.5064183394833991,,-0.1451865434646606,1470644,135,47,False,0.0003,1e-05,60,0.0001,384,4,0.07,1470644,135,54,47,236,2019,2023,5,0.7200063572945269,0.4878653475851968,0.535472815700099,0.3673325951085604,0.0399241439659509,0.6037627960458727,0.1235445757681139,-0.6314794491026401,-0.4778768042584731,-0.205397147565963,-0.3055064206075748,-2.217743358830809,42,C_CT
CT-CCTL-EMIT,BMU,Cross_Time_Contrastive_Learning,0.5165182309977968,1.686221750871651,-0.5412607584050011,3.259094367742144,ct_mlp_stack,0.0,0.5233613797445955,,0.2529695630073547,1470606,141,44,False,0.0003,1e-05,60,0.0001,384,4,0.07,1470606,141,47,44,232,2019,2023,5,0.7748912629584281,0.2555434725653904,0.6997353532789186,0.0827655925545658,0.5276815774361319,0.7584921271933465,0.5487214026088163,-0.1928209356615655,-0.7295474985669181,-0.4866981682412654,0.1692694735522407,-2.5564888241213146,42,C_CT
CT-CCTL-EMIT,LUX,Cross_Time_Contrastive_Learning,0.5321732891869344,1.976069548789417,-4.78835959047223,6.5841678567607,ct_mlp_stack,0.01,0.4108522429531341,,-1.83106017112732,1471782,107,33,False,0.0003,1e-05,60,0.0001,384,4,0.07,1471782,107,39,33,179,2019,2023,5,0.8061810859561667,0.6876351736715173,0.7758091931401834,0.2001704839762277,-0.0413188455692299,0.7645626439467416,-0.8422136479770659,-4.538100158658314,-9.387686995612036,-0.4193494938339654,-0.9816389707478133,-12.561168276004182,42,C_CT
CT-CCTL-EMIT,PRT,Cross_Time_Contrastive_Learning,0.4360652013900131,1.7088325867003276,-7.768709800796048,6.559074064095815,ct_mlp_stack,1.0,0.6639347524376189,,-1.1438016891479492,1471775,48,15,False,0.0003,1e-05,60,0.0001,384,4,0.07,1471775,48,17,15,80,2019,2023,5,0.6617832060048795,0.145242336481425,0.3946338443884535,0.547634998587871,0.3880019749063489,0.479094847971101,-1.9265695798527047,-11.255752784988571,-16.401889797925953,-0.147722635347608,-0.3813832927521008,-16.49894071390935,42,C_CT
CT-CCTL-EMIT,ARG,Cross_Time_Contrastive_Learning,-0.1329210349650942,1.7208215348684888,-20.04313619135814,7.969272753906746,ct_mlp_stack,0.0001,0.5712883717239868,,-3.554010391235352,1471238,30,10,False,0.0003,1e-05,60,0.0001,384,4,0.07,1471238,30,10,10,50,2019,2023,5,0.9010288680209868,0.5933095233113086,0.5403620737350436,0.5889294072994682,-4.20993127223977,0.7887751900823978,-2.804444613530015,-21.12239987534544,-53.22139090154991,-0.6279691793759774,-7.206195078085692,-35.276417500261815,42,C_CT
CT-CCTL-EMIT,JPN,Cross_Time_Contrastive_Learning,0.7127552461126306,1.1279378528219064,0.6431382524386969,1.2574990545950435,ct_mlp_stack,1.0,0.7351128120791479,,0.7399324774742126,1370524,6732,2113,False,0.0003,1e-05,60,0.0001,384,4,0.07,1370524,6732,2254,2113,11099,2019,2023,5,0.8062041788783741,0.837029549500028,0.9112093968044376,0.1981027661836933,0.6006388214891913,0.9233467638200596,0.7783781613660312,0.7940655027563406,0.8715002461626542,0.018897248914962,0.5065641525687707,0.8894242028634234,42,C_CT
CT-CCTL-EMIT,MYS,Cross_Time_Contrastive_Learning,0.6601547095343379,1.2700076621598275,0.5955526758274555,1.420571964779133,ct_mlp_stack,1.0,0.6823665404054458,,0.7057849168777466,1445057,704,222,False,0.0003,1e-05,60,0.0001,384,4,0.07,1445057,704,251,222,1177,2019,2023,5,0.7395633870265534,0.648305037964813,0.8164918213043221,0.4728622647995457,0.4456381217797192,0.8380676243310736,0.665663555099539,0.5541352851224002,0.7926027751734777,0.2979443732901552,0.4532696702206367,0.809700396058524,42,C_CT
CT-CCTL-EMIT,BRA,Cross_Time_Contrastive_Learning,0.6050191096067069,1.6089703043997357,0.5085176559642152,1.7911283094276145,ct_mlp_stack,0.0,0.5813780241099223,,0.6277922987937927,1462220,577,204,False,0.0003,1e-05,60,0.0001,384,4,0.07,1462220,577,239,204,1020,2019,2023,5,0.7582481578171778,0.5467706084838442,0.8279927530161333,0.2966206581419053,0.3602331801028973,0.8402493000782839,0.6816954816015058,0.4365736393022645,0.7361023674413709,0.1052025669679739,0.3046350092691814,0.7868968712029948,42,C_CT
CT-CCTL-EMIT,ISR,Cross_Time_Contrastive_Learning,0.6622134228488722,1.184832709144125,0.5623560171407119,1.4970992624714403,ct_mlp_stack,1.0,0.7007090452908565,,0.6471541523933411,1459969,440,168,False,0.0003,1e-05,60,0.0001,384,4,0.07,1459969,440,176,168,784,2019,2023,5,0.8104287725358633,0.6693296085973346,0.8147780460128897,0.518343972187893,0.327459796041362,0.8329403417178911,0.6246068509083277,0.5882094023852682,0.723354985280227,0.3514343570338939,0.330265549605787,0.7562649576307674,42,C_CT
CT-CCTL-EMIT,MEX,Cross_Time_Contrastive_Learning,0.6056606929115952,1.70101026301059,0.3649099159329068,2.298940279067972,ct_mlp_stack,0.01,0.625492877538767,,0.4284577965736389,1469202,258,74,False,0.0003,1e-05,60,0.0001,384,4,0.07,1469202,258,81,74,413,2019,2023,5,0.7599527136577913,0.6385128120206975,0.8048008872630974,0.3782254853128806,0.2757318105612194,0.7767404486538855,0.6519908778760304,0.4376479703602719,0.6725677822158862,-0.2124596129864484,0.1851166984872324,0.4545957796444682,42,C_CT
CT-CCTL-EMIT,PHL,Cross_Time_Contrastive_Learning,0.5929782126450452,1.4153465624919397,-0.3163122085148089,2.8506678048805854,ct_mlp_stack,0.1,0.6206816911344156,,0.080963909626007,1466613,238,72,False,0.0003,1e-05,60,0.0001,384,4,0.07,1466613,238,88,72,398,2019,2023,5,0.6099324684199503,0.6699232362401373,0.7474936565817132,0.4089005777627549,0.4505822439865654,0.6710370928791503,0.2978060471845097,-0.3642288555460944,-0.005569960447455,-0.6576716064076784,-0.0261477473439735,-1.1420611285281623,42,C_CT
CT-CCTL-EMIT,IRL,Cross_Time_Contrastive_Learning,0.6592039527044382,1.4187534467008376,-0.3687070188088757,3.172513019983415,ct_mlp_stack,0.0,0.6113161971187866,,0.4027547240257263,1469939,177,54,False,0.0003,1e-05,60,0.0001,384,4,0.07,1469939,177,57,54,288,2019,2023,5,0.7588175118444467,0.6863182717089382,0.8434263448326469,0.1654917735998193,0.6499002234697924,0.8512695907709853,0.4510210260097421,-0.3590366569681344,-0.3645175111601719,0.0047829734725328,0.0571569062214381,-2.0016488504286607,42,C_CT
CT-CCTL-EMIT,GRC,Cross_Time_Contrastive_Learning,0.4806818104303024,1.9182695028969448,-5.68802399723361,5.856131299807314,ct_mlp_stack,0.0,0.4472428681854177,,-1.462021827697754,1467609,117,38,False,0.0003,1e-05,60,0.0001,384,4,0.07,1467609,117,44,38,199,2019,2023,5,0.6920131329111352,0.3280614672524456,0.5285828728308608,0.4301811825835787,0.2449714400287481,0.6602807669750457,-0.943499582393073,-5.89407574975798,-11.118438707806783,-0.251539197563644,-0.8626349970521852,-15.05795574882799,42,C_CT
CT-CCTL-EMIT,QAT,Cross_Time_Contrastive_Learning,0.5662124459124092,1.3295938533517475,-7.185720760051194,5.910770843763925,ct_mlp_stack,1.0,0.7276992171387637,,-2.4486024379730225,1472516,100,29,False,0.0003,1e-05,60,0.0001,384,4,0.07,1472516,100,33,29,162,2019,2023,5,0.7973187309657315,0.5313317913596156,0.5258582544841344,0.5336363759313327,0.3846453467332085,0.6244841760004324,-0.7254147760640084,-9.90585626256096,-14.485761337062636,-1.225412953287872,-1.017952149268365,-15.753927082063331,42,C_CT
CT-CCTL-EMIT,COL,Cross_Time_Contrastive_Learning,0.8107311538148734,1.0497659819316472,-7.220845934418416,6.50630950360071,ct_mlp_stack,0.01,0.7209427396314746,,-2.087496280670166,1471944,57,14,False,0.0003,1e-05,60,0.0001,384,4,0.07,1471944,57,19,14,90,2019,2023,5,0.8802833845296153,0.8114638858978407,0.9149119977672218,0.8487480608661649,0.496749303337558,0.912230290490839,-1.1157358466609737,-11.40808132497292,-14.262795219107389,-0.4793865246255622,-0.6713611896298795,-15.387715501513767,42,C_CT
CT-CCTL-EMIT,MAR,Cross_Time_Contrastive_Learning,0.1094416086698971,1.0660919425575854,-14.657562845274724,6.640353811176446,ct_mlp_stack,0.0001,0.4485521485760313,,-3.549312114715576,1471640,40,13,False,0.0003,1e-05,60,0.0001,384,4,0.07,1471640,40,13,13,66,2019,2023,5,0.9498245096197646,0.9315180024058488,-2.111290228377034,0.7099170430412998,-0.1545510872196793,0.3312314125491828,-1.5745031653706794,-12.497114355878766,-42.90753831938003,-1.018573263485734,-7.669354841344315,-22.278293126188828,42,C_CT
CT-CCTL-EMIT,KOR,Cross_Time_Contrastive_Learning,0.7377857522657222,0.9933203818592364,0.6956106415922063,1.0772951007372114,ct_mlp_stack,1.0,0.7308197286436363,,0.8052141666412354,1443460,3146,1120,False,0.0003,1e-05,60,0.0001,384,4,0.07,1443460,3146,1210,1120,5476,2019,2023,5,0.8194556399475834,0.8750979389681863,0.9108458614856584,0.294373397930087,0.6074220812400517,0.919519594022766,0.7884621799463101,0.843965973193152,0.8551690466100712,0.2222963959730782,0.5813380220925911,0.8824322317380352,42,C_CT
CT-CCTL-EMIT,GBR,Cross_Time_Contrastive_Learning,0.6615592997314746,1.4954733877606523,0.5918443844370035,1.6773713238057384,ct_mlp_stack,1.0,0.6961144461033043,,0.6766008138656616,1408323,1453,408,False,0.0003,1e-05,60,0.0001,384,4,0.07,1408323,1453,465,408,2326,2019,2023,5,0.752907629399872,0.7411655865267535,0.8853140131668102,0.2954587917674225,0.4204791904943787,0.8740305870336109,0.7246892050250551,0.6420123323766813,0.8015201494302614,0.2060668090118858,0.3437350181181792,0.8330427926599578,42,C_CT
CT-CCTL-EMIT,AUS,Cross_Time_Contrastive_Learning,0.7165427649588999,1.3587409551069412,0.6562127827611707,1.4925552703822489,ct_mlp_stack,1.0,0.7380182574890878,,0.7428549528121948,1424365,1339,419,False,0.0003,1e-05,60,0.0001,384,4,0.07,1424365,1339,462,419,2220,2019,2023,5,0.7748911013923562,0.7639027457621889,0.8782649687201298,0.4293996204050126,0.5799131597938283,0.8728849936798838,0.7688129191540132,0.7250649950532457,0.8307426985794696,0.2918608880583379,0.4742456824546689,0.846549513267289,42,C_CT
CT-CCTL-EMIT,FRA,Cross_Time_Contrastive_Learning,0.7048257722326801,1.317263021454538,0.6304168087874867,1.5752115374541458,ct_mlp_stack,1.0,0.7421508857665687,,0.7487513422966003,1450831,852,260,False,0.0003,1e-05,60,0.0001,384,4,0.07,1450831,852,285,260,1397,2019,2023,5,0.8348063311359986,0.7941141869773471,0.8986413852922656,0.2119256842762508,0.5915299320560956,0.897937113658123,0.7415467423028348,0.7422673557465029,0.8692348635662197,0.0166877862601144,0.5431664184571359,0.8695976863921133,42,C_CT
CT-CCTL-EMIT,CHE,Cross_Time_Contrastive_Learning,0.7316874094623537,1.223303956836118,0.6683893204851482,1.4267929383055105,ct_mlp_stack,1.0,0.7235221859198254,,0.7481664419174194,1464219,624,197,False,0.0003,1e-05,60,0.0001,384,4,0.07,1464219,624,210,197,1031,2019,2023,5,0.8272558048733148,0.7947116421878205,0.870064201294021,0.4002268646868758,0.6129839457132873,0.884881998018803,0.7577111503099456,0.7336172935904411,0.844479867849968,0.2178814016530924,0.6071413348603787,0.8495048746470639,42,C_CT
CT-CCTL-EMIT,IDN,Cross_Time_Contrastive_Learning,0.6650016682535597,1.324947148491579,0.5466348653656868,1.621142215185703,ct_mlp_stack,0.0,0.679501436820852,,0.6885885000228882,1459039,537,192,False,0.0003,1e-05,60,0.0001,384,4,0.07,1459039,537,213,192,942,2019,2023,5,0.7771534512683402,0.5877266857412091,0.9058549236092458,0.1731552199448885,0.6673589540550877,0.8787607749025867,0.6253235071129689,0.4542373111909585,0.8398375863135952,-0.1259416158675874,0.6791038755185498,0.8072485279256355,42,C_CT
CT-CCTL-EMIT,ITA,Cross_Time_Contrastive_Learning,0.7138875039355903,1.278621533953859,0.5258702491252799,1.8736411206739605,ct_mlp_stack,0.01,0.6601289458357665,,0.6426221132278442,1463457,416,126,False,0.0003,1e-05,60,0.0001,384,4,0.07,1463457,416,141,126,683,2019,2023,5,0.8536830155320657,0.8279361735080873,0.888371670311702,0.2545731543535838,0.5598844964600047,0.8988765134480979,0.7104423557384083,0.6394116060755284,0.7213367301251264,-0.0505584870317084,0.3448433533860825,0.7897459364582422,42,C_CT
CT-CCTL-EMIT,NLD,Cross_Time_Contrastive_Learning,0.6066342157044575,1.5812770311760234,0.4097567232956201,2.256408731527036,ct_mlp_stack,0.0,0.6074425852972326,,0.5558390617370605,1467236,270,84,False,0.0003,1e-05,60,0.0001,384,4,0.07,1467236,270,90,84,444,2019,2023,5,0.5572088499770574,0.4399852265936227,0.8547142259523501,0.278759761015631,0.6746616360163427,0.8344755946717413,0.3712841451155672,0.3693727323840953,0.7076326755414323,-0.0228974565455053,0.3541962349899781,0.678952008288153,42,C_CT
CT-CCTL-EMIT,BEL,Cross_Time_Contrastive_Learning,0.6216500052287683,1.660796751859836,0.0212872768197966,2.91132897451336,ct_mlp_stack,0.0,0.6294133639818043,,0.3269673585891723,1468803,204,54,False,0.0003,1e-05,60,0.0001,384,4,0.07,1468803,204,66,54,324,2019,2023,5,0.7855145051994938,0.7406709762613448,0.8132138088758959,0.5094470972927884,0.0408818550915953,0.8401717886514921,0.4224794582803314,-0.0654420304406147,0.2299323054373993,-0.031013184986117,0.0720167849322522,-0.5002496723044711,42,C_CT
CT-CCTL-EMIT,PAK,Cross_Time_Contrastive_Learning,0.6712890488877207,1.231057250565988,0.0638307277981702,2.4134981743188044,ct_mlp_stack,0.01,0.6516577328969,,0.4362893104553222,1463438,184,57,False,0.0003,1e-05,60,0.0001,384,4,0.07,1463438,184,62,57,303,2019,2023,5,0.8081642296474765,0.4002621109044602,0.7535312387011912,0.5380542606823288,0.7141947589423471,0.8135276944485198,0.4562977191416724,0.0074775833558441,0.5546735290704308,-0.2578875189111436,0.1172395902765239,-0.494816536144306,42,C_CT
CT-CCTL-EMIT,CHL,Cross_Time_Contrastive_Learning,0.6421686876679126,1.3411854543881123,-0.9182746650109972,3.202004737324185,ct_mlp_stack,1.0,0.6490571075396955,,0.0441066622734069,1467979,142,42,False,0.0003,1e-05,60,0.0001,384,4,0.07,1467979,142,48,42,232,2019,2023,5,0.9108871279260914,0.5828422453985168,0.8505823417266638,0.3381415926312564,0.2927354821512742,0.8778233361736737,0.1444992886711938,-1.1700150047319604,-0.9225616523568247,-0.2775593780720953,-0.511225966963466,-2.7727852766128294,42,C_CT
CT-CCTL-EMIT,CYM,Cross_Time_Contrastive_Learning,0.2998099475947681,1.6471964584605363,-5.342479650926191,5.018003880314959,ct_mlp_stack,0.01,0.3773653855853196,,-1.5376009941101074,1472113,87,26,False,0.0003,1e-05,60,0.0001,384,4,0.07,1472113,87,32,26,145,2019,2023,5,0.42024324885041,0.35592863136009,0.4383600562615707,-0.1288412437592134,0.5028856003856608,0.2102833924700909,-1.071811513812737,-5.297919382532921,-8.138576528396841,-0.7570082421493554,-0.4417921162943374,-16.34777012237096,42,C_CT
CT-CCTL-EMIT,VNM,Cross_Time_Contrastive_Learning,0.6263537532899304,1.312327043109769,-12.027578584826449,6.684197515249252,ct_mlp_stack,0.01,0.5869165864254701,,-3.649185180664064,1464542,69,22,False,0.0003,1e-05,60,0.0001,384,4,0.07,1464542,69,22,22,113,2019,2023,5,0.7236323986563038,0.8181179659139031,0.8611197951203617,0.0774182256704755,0.503235133505247,0.7745990008732917,-1.96027845388764,-11.21863339507215,-22.797189240155763,-1.8636429009280648,-1.8617266417881653,-32.46400087712691,42,C_CT
CT-CCTL-EMIT,TWN,Cross_Time_Contrastive_Learning,0.6875627439391984,1.0259476066203066,0.6434132928204979,1.1078608390378497,ct_mlp_stack,1.0,0.6842352740984312,,0.752580463886261,1433077,2521,842,False,0.0003,1e-05,60,0.0001,384,4,0.07,1433077,2521,952,842,4315,2019,2023,5,0.7044599002655849,0.7971526857756546,0.9110267714428136,0.2294180939577804,0.5767627141519625,0.9065562980413936,0.6688815592808186,0.7370113976638182,0.8554287001511409,0.183924491520718,0.5398476201377145,0.8753859881687772,42,C_CT
CT-CCTL-EMIT,IND,Cross_Time_Contrastive_Learning,0.6116051728450954,1.2572164407709625,0.5761363347941146,1.313773443353035,ct_mlp_stack,1.0,0.6457650807370093,,0.7488042116165161,1367496,2041,751,False,0.0003,1e-05,60,0.0001,384,4,0.07,1367496,2041,826,751,3618,2019,2023,5,0.7032148320139271,0.5151821567407688,0.864939837477925,0.2431431612008386,0.5119878234010642,0.8311632262360487,0.7004894207648373,0.5359157352810561,0.8400273080673778,0.0667130834921745,0.4738729704286156,0.839799490730626,42,C_CT
CT-CCTL-EMIT,CAN,Cross_Time_Contrastive_Learning,0.7147758874138735,1.40137810260128,0.6386207789603747,1.56228116287617,ct_mlp_stack,1.0,0.7453686887614969,,0.7218326330184937,1405703,1276,400,False,0.0003,1e-05,60,0.0001,384,4,0.07,1405703,1276,439,400,2115,2019,2023,5,0.7934844702960394,0.7453028692023367,0.9087482257652107,0.4699525520074218,0.4820715393465826,0.88909566786565,0.772881664865827,0.699745981348966,0.8544801521276518,0.3878671085982157,0.2786612617104399,0.8380885051111473,42,C_CT
CT-CCTL-EMIT,SWE,Cross_Time_Contrastive_Learning,0.681339342239425,1.3279448670359404,0.6389244151134791,1.462213011413313,ct_mlp_stack,1.0,0.6712011669455519,,0.6896457076072693,1454981,786,279,False,0.0003,1e-05,60,0.0001,384,4,0.07,1454981,786,290,279,1355,2019,2023,5,0.6774688556044344,0.7516108638589317,0.8896837733386298,0.3627985906560698,0.5106991261382055,0.8957748438402788,0.6020257832219015,0.7232516369011202,0.8699010312800353,0.3265011804536949,0.4359244766401484,0.8759423821839741,42,C_CT
CT-CCTL-EMIT,THA,Cross_Time_Contrastive_Learning,0.6682730460906644,1.1589810868224688,0.6208459868376914,1.362316817608401,ct_mlp_stack,1.0,0.7283365954746183,,0.7351189851760864,1455858,674,226,False,0.0003,1e-05,60,0.0001,384,4,0.07,1455858,674,255,226,1155,2019,2023,5,0.7278283255899035,0.699205482991458,0.8402301548971624,0.2476410505281233,0.6917839827153458,0.8029492798219937,0.7334069064511635,0.6652925657880853,0.8565918173833172,0.0561932604048845,0.5931613516357827,0.8204300193629154,42,C_CT
CT-CCTL-EMIT,SAU,Cross_Time_Contrastive_Learning,0.7787152948336703,1.0600132946902914,0.6361826913675238,1.4288864418137432,ct_mlp_stack,1.0,0.7522636360404965,,0.7107888460159302,1469220,455,174,False,0.0003,1e-05,60,0.0001,384,4,0.07,1469220,455,177,174,806,2019,2023,5,0.8825086305298651,0.8696031719037698,0.8976254141744783,0.5052893441476971,0.6011141684503132,0.9161510397958986,0.8030298304668162,0.7466826830393176,0.8002672827732195,0.2441217141144928,0.4548430923797446,0.7681515454315521,42,C_CT
CT-CCTL-EMIT,ZAF,Cross_Time_Contrastive_Learning,0.6213066872998859,1.4586244565045494,0.5309362664130999,1.7654103955243945,ct_mlp_stack,1.0,0.6634184468351166,,0.6503081321716309,1463838,446,124,False,0.0003,1e-05,60,0.0001,384,4,0.07,1463838,446,143,124,713,2019,2023,5,0.7631904232027742,0.7596019386732333,0.7605774915908734,0.1656510198540566,0.4808536797333552,0.7979655707450226,0.5887600539859514,0.6153375467485449,0.665122858917885,0.100718386861199,0.4885216544097601,0.7271570975552585,42,C_CT
CT-CCTL-EMIT,ESP,Cross_Time_Contrastive_Learning,0.6534142967998555,1.4368841020034415,0.3364168045278506,2.3472642267220896,ct_mlp_stack,0.0,0.649559921003697,,0.5519369840621948,1467174,272,76,False,0.0003,1e-05,60,0.0001,384,4,0.07,1467174,272,89,76,437,2019,2023,5,0.6856589329988478,0.7523154183796138,0.7564351910751983,0.2753868953331091,0.6421183244111281,0.8085710186012358,0.3953055118352064,0.3530158954800694,0.5722837698400131,-0.0067921457063229,0.1715909151023807,0.5330968806157572,42,C_CT
CT-CCTL-EMIT,POL,Cross_Time_Contrastive_Learning,0.476007466323147,1.6722340917398864,0.0505844394838013,2.640876378933037,ct_mlp_stack,1.0,0.5915575171176886,,0.3015930652618408,1458803,214,63,False,0.0003,1e-05,60,0.0001,384,4,0.07,1458803,214,75,63,352,2019,2023,5,0.595000646654639,0.4572750721072642,0.5712127178771106,0.3402560802667425,0.330481562331426,0.5618187187016999,0.4041013552437685,0.0122537005183753,0.3561154281653258,-0.221060817889745,0.1437203382021616,-0.3916233673370783,42,C_CT
CT-CCTL-EMIT,DNK,Cross_Time_Contrastive_Learning,0.6045345349180672,1.5185178650100652,0.0056566973286888,2.6460866936717995,ct_mlp_stack,0.1,0.663709349176529,,0.4309882521629333,1467541,173,58,False,0.0003,1e-05,60,0.0001,384,4,0.07,1467541,173,60,58,291,2019,2023,5,0.7522854680806886,0.6698552927506445,0.6785817773739977,0.4109906676583761,0.4008340078779977,0.7146599957666981,0.3793253134862401,0.0744988015453856,0.0639064798153625,-0.0321206190879916,0.0790702820303536,-0.530740073817217,42,C_CT
CT-CCTL-EMIT,AUT,Cross_Time_Contrastive_Learning,0.6474335389644467,1.439723786205122,-10.405771018577568,6.871315929943171,ct_mlp_stack,1.0,0.6450331160728072,,-1.965782642364502,1470523,121,39,False,0.0003,1e-05,60,0.0001,384,4,0.07,1470523,121,40,39,200,2019,2023,5,0.8183362833986875,0.6662833202324681,0.7366585741588005,0.4022649413688,0.5002428655294824,0.7608152490984418,-2.5856685289858348,-13.509079145372604,-18.942149370283907,-0.2844872349710243,-1.2084873222616328,-25.904754509590408,42,C_CT
CT-CCTL-EMIT,EGY,Cross_Time_Contrastive_Learning,0.305593513695557,1.697958453333495,-6.122185434519093,5.501136231522092,ct_mlp_stack,0.0,0.5484586534510993,,-1.8870151042938232,1469790,111,38,False,0.0003,1e-05,60,0.0001,384,4,0.07,1469790,111,40,38,189,2019,2023,5,0.2867167954908504,0.1646594364063857,0.1018961493726405,0.4873606109803743,0.6314742461253409,0.16145384379775,-0.7831888835808583,-9.640888640709989,-10.773452701931848,-0.8232940944801896,-0.6212128498972711,-14.091075436514396,42,C_CT
CT-CCTL-EMIT,PER,Cross_Time_Contrastive_Learning,0.6473741051282055,1.260618341336434,-18.69695226362961,6.926883350705935,ct_mlp_stack,0.0001,0.5642967867894102,,-2.636659622192383,1470376,54,15,False,0.0003,1e-05,60,0.0001,384,4,0.07,1470376,54,18,15,87,2019,2023,5,0.8644810778377032,0.7507219913791844,0.841218774360971,-0.1968447359969725,0.7461664549639508,0.8785010682243963,-4.096210293192592,-15.014505864456044,-42.24715837201381,-1.0935657955433005,-0.7853455197116308,-48.9449277368603,42,C_CT
CT-CCTL-EMIT,KEN,Cross_Time_Contrastive_Learning,0.6290363598847836,0.9903265207811676,-10.707464357288842,5.537984748681386,ct_mlp_stack,0.001,0.5504283154656381,,-2.8068268299102783,1472244,33,9,False,0.0003,1e-05,60,0.0001,384,4,0.07,1472244,33,10,9,52,2019,2023,5,0.8864694084318006,0.6096280586422365,0.5513280535012046,0.1471732520344632,0.8943557376879641,0.6852636490110331,-0.7298154283617562,-12.594923991069438,-23.87987645084874,-3.2936285542719315,-1.5950332554959434,-22.15150846368524,42,C_CT
