country,labeled_samples,R2_Average_C,R2_log_Scope1_C,R2_log_Scope2_C,R2_log_Scope3_upstream_C,R2_log_Scope3_downLA_C,R2_log_Scope3_prod_C,R2_log_Scope_total_C,R2_Average_CT,R2_log_Scope1_CT,R2_log_Scope2_CT,R2_log_Scope3_upstream_CT,R2_log_Scope3_downLA_CT,R2_log_Scope3_prod_CT,R2_log_Scope_total_CT
USA,15514,0.8220694959163666,0.8670847415924072,0.8693466782569885,0.9376733303070068,0.5852231383323669,0.7309411764144897,0.9421479105949402,0.7493161556914948,0.863662556059599,0.8626916814928748,0.9409133966535158,0.5971405890324162,0.2885667703121192,0.9429219405984438
CHN,13988,0.7784601151943207,0.771484375,0.7623534202575684,0.8989489078521729,0.5798900723457336,0.7500518560409546,0.9080320596694946,0.6701455394150968,0.742039957197614,0.7406248755600566,0.8952073818467895,0.5459197143428232,0.2044357813515583,0.8926455261917394
JPN,11099,0.7987417976061503,0.8225595951080322,0.8465181589126587,0.9032269716262816,0.5404421091079712,0.7560477256774902,0.9236562252044678,0.7127552461126306,0.8062041788783741,0.837029549500028,0.9112093968044376,0.6006388214891913,0.1981027661836933,0.9233467638200596
KOR,5476,0.8409743507703146,0.8688944578170776,0.8840028047561646,0.9115723967552184,0.6669963598251343,0.7819819450378418,0.9323981404304504,0.7377857522657222,0.8194556399475834,0.8750979389681863,0.9108458614856584,0.6074220812400517,0.294373397930087,0.919519594022766
TWN,4315,0.7910990417003632,0.7716333866119385,0.8170634508132935,0.9213171005249025,0.5800683498382568,0.7339144945144653,0.9225974678993224,0.6875627439391984,0.7044599002655849,0.7971526857756546,0.9110267714428136,0.5767627141519625,0.2294180939577804,0.9065562980413936
IND,3618,0.7340360581874847,0.7440422773361206,0.6036664247512817,0.8961769342422485,0.574443519115448,0.7199360132217407,0.8659511804580688,0.6116051728450954,0.7032148320139271,0.5151821567407688,0.864939837477925,0.5119878234010642,0.2431431612008386,0.8311632262360487
HKG,2678,0.8452097674210867,0.7987033128738403,0.8598377704620361,0.9027948975563048,0.7709184885025024,0.813318133354187,0.9256860017776488,0.7409823846777921,0.7169093296103524,0.8075156486412876,0.873743543454183,0.6839924904488066,0.4732339705571166,0.8904993253550062
GBR,2326,0.8130653500556946,0.8250535130500793,0.8095515966415405,0.9289736151695251,0.6867262721061707,0.7079899311065674,0.9200971722602844,0.6615592997314746,0.752907629399872,0.7411655865267535,0.8853140131668102,0.4204791904943787,0.2954587917674225,0.8740305870336109
AUS,2220,0.8267097175121307,0.8105267882347107,0.8078128099441528,0.9025139212608336,0.7351288199424744,0.8004575371742249,0.903818428516388,0.7165427649588999,0.7748911013923562,0.7639027457621889,0.8782649687201298,0.5799131597938283,0.4293996204050126,0.8728849936798838
CAN,2115,0.8504515389601389,0.8746427893638611,0.8604235649108887,0.9412853121757508,0.7577943205833435,0.7236401438713074,0.9449231028556824,0.7147758874138735,0.7934844702960394,0.7453028692023367,0.9087482257652107,0.4820715393465826,0.4699525520074218,0.88909566786565
FRA,1397,0.8232229749361674,0.8758857250213623,0.825248122215271,0.9298193454742432,0.6445832252502441,0.7384493350982666,0.9253520965576172,0.7048257722326801,0.8348063311359986,0.7941141869773471,0.8986413852922656,0.5915299320560956,0.2119256842762508,0.897937113658123
SWE,1355,0.8217016359170278,0.7680065035820007,0.8179645538330078,0.927184283733368,0.71019446849823,0.7806262373924255,0.9262337684631348,0.681339342239425,0.6774688556044344,0.7516108638589317,0.8896837733386298,0.5106991261382055,0.3627985906560698,0.8957748438402788
DEU,1349,0.81935582558314,0.8593058586120605,0.8427369594573975,0.915115773677826,0.6598539352416992,0.7195930480957031,0.919529378414154,0.7245998739795884,0.7884161589933321,0.7827330218796429,0.869553267031314,0.5607552280943912,0.4744729524235442,0.8716686154553059
MYS,1177,0.8218373656272888,0.8176480531692505,0.7988563179969788,0.9217047691345216,0.7755564451217651,0.7147849798202515,0.9024736285209656,0.6601547095343379,0.7395633870265534,0.648305037964813,0.8164918213043221,0.4456381217797192,0.4728622647995457,0.8380676243310736
THA,1155,0.8464504877726237,0.8708979487419128,0.7980642318725586,0.9323030114173888,0.674094557762146,0.8968315720558167,0.9065116047859192,0.6682730460906644,0.7278283255899035,0.699205482991458,0.8402301548971624,0.6917839827153458,0.2476410505281233,0.8029492798219937
CHE,1031,0.8438142538070679,0.9057661294937134,0.8559854626655579,0.9302053451538086,0.6188416481018066,0.8094204664230347,0.942666471004486,0.7316874094623537,0.8272558048733148,0.7947116421878205,0.870064201294021,0.6129839457132873,0.4002268646868758,0.884881998018803
BRA,1020,0.8070773283640543,0.874413251876831,0.7184319496154785,0.9259843826293944,0.7087099552154541,0.6787096261978149,0.936214804649353,0.6050191096067069,0.7582481578171778,0.5467706084838442,0.8279927530161333,0.3602331801028973,0.2966206581419053,0.8402493000782839
IDN,942,0.8226760526498159,0.8537638783454895,0.7429627180099487,0.9482148885726928,0.6089364290237427,0.873494565486908,0.9086838364601136,0.6650016682535597,0.7771534512683402,0.5877266857412091,0.9058549236092458,0.6673589540550877,0.1731552199448885,0.8787607749025867
SGP,817,0.7643516759077708,0.6214818954467773,0.6672929525375366,0.9093378186225892,0.7293206453323364,0.7842440009117126,0.8744327425956726,0.636215139675867,0.5617697815693341,0.5825617151611651,0.8520679340720119,0.6157594052561159,0.3922276447727905,0.8129043572237842
SAU,806,0.9038212696711222,0.9288008213043212,0.9252507090568542,0.9304000735282898,0.8439328670501709,0.8423360586166382,0.952207088470459,0.7787152948336703,0.8825086305298651,0.8696031719037698,0.8976254141744783,0.6011141684503132,0.5052893441476971,0.9161510397958986
ISR,784,0.8705805937449137,0.9056881666183472,0.8445850014686584,0.9203665256500244,0.8644376993179321,0.7489752769470215,0.9394308924674988,0.6622134228488722,0.8104287725358633,0.6693296085973346,0.8147780460128897,0.327459796041362,0.518343972187893,0.8329403417178911
ZAF,713,0.8561119139194489,0.8853474259376526,0.9049028754234314,0.9245201349258424,0.6700946092605591,0.8067686557769775,0.9450377821922302,0.6213066872998859,0.7631904232027742,0.7596019386732333,0.7605774915908734,0.4808536797333552,0.1656510198540566,0.7979655707450226
ITA,683,0.8688125113646189,0.9143838882446288,0.8944933414459229,0.9351200461387634,0.6766662001609802,0.852806031703949,0.9394055604934692,0.7138875039355903,0.8536830155320657,0.8279361735080873,0.888371670311702,0.5598844964600047,0.2545731543535838,0.8988765134480979
TUR,614,0.8345339894294739,0.8623225092887878,0.7925724983215332,0.8773167133331299,0.7603328824043274,0.8253461122512817,0.8893132209777832,0.4724705010183345,0.4650069631367987,0.5452001755942146,0.6342526190313642,0.4630799126124519,0.238263778813825,0.4890195569213524
NOR,486,0.840061237414678,0.8541366457939148,0.7482054233551025,0.9167963862419128,0.8055390119552612,0.7962498664855957,0.9194400906562804,0.625401326616353,0.7445386308357517,0.5533753725905186,0.7684905167426059,0.4356284525900221,0.4664620884070124,0.7839128985322067
NLD,444,0.820052037636439,0.7828565835952759,0.6973262429237366,0.9303828477859496,0.6879352331161499,0.8757199645042419,0.94609135389328,0.6066342157044575,0.5572088499770574,0.4399852265936227,0.8547142259523501,0.6746616360163427,0.278759761015631,0.8344755946717413
ESP,437,0.8066438734531403,0.856723964214325,0.8292968273162842,0.8024439811706543,0.7412368059158325,0.7343368530273438,0.8758248090744019,0.6534142967998555,0.6856589329988478,0.7523154183796138,0.7564351910751983,0.6421183244111281,0.2753868953331091,0.8085710186012358
MEX,413,0.8468525409698486,0.8635481595993042,0.7976105809211731,0.9678771495819092,0.8056355714797974,0.7416753172874451,0.9047684669494628,0.6056606929115952,0.7599527136577913,0.6385128120206975,0.8048008872630974,0.2757318105612194,0.3782254853128806,0.7767404486538855
PHL,398,0.8451452155907949,0.8169696927070618,0.874721348285675,0.9346163868904114,0.6812893152236938,0.8645331859588623,0.8987413644790649,0.5929782126450452,0.6099324684199503,0.6699232362401373,0.7474936565817132,0.4505822439865654,0.4089005777627549,0.6710370928791503
POL,352,0.8484786152839661,0.874366283416748,0.8794134855270386,0.9525099992752076,0.7173447608947754,0.719711422920227,0.9475257396697998,0.476007466323147,0.595000646654639,0.4572750721072642,0.5712127178771106,0.330481562331426,0.3402560802667425,0.5618187187016999
FIN,346,0.8594311475753784,0.8565552830696106,0.8905245661735535,0.9446897506713868,0.6793862581253052,0.8314552307128906,0.953975796699524,0.7268059072120732,0.7635756773953274,0.8151323226239597,0.8430046358367533,0.6210521947831034,0.4492688805730169,0.8688017320602787
BEL,324,0.8243552049001058,0.8787167072296143,0.8403713703155518,0.9266024231910706,0.8736010789871216,0.4786118268966675,0.9482278227806092,0.6216500052287683,0.7855145051994938,0.7406709762613448,0.8132138088758959,0.0408818550915953,0.5094470972927884,0.8401717886514921
NZL,307,0.701787918806076,0.5473282337188721,0.3789255619049072,0.8827264904975891,0.7324243783950806,0.8311668634414673,0.83815598487854,0.4438441823605192,0.3723312911322263,0.1824210971033891,0.7650284922349502,0.4201530894791289,0.2610969880526858,0.6620341361607349
PAK,303,0.8466947575410207,0.8666554689407349,0.7160625457763672,0.8445380330085754,0.8724627494812012,0.9027084112167358,0.8777413368225098,0.6712890488877207,0.8081642296474765,0.4002621109044602,0.7535312387011912,0.7141947589423471,0.5380542606823288,0.8135276944485198
DNK,291,0.8665242989857992,0.9210869073867798,0.8668412566184998,0.9228332042694092,0.7569182515144348,0.7869772911071777,0.9444888830184937,0.6045345349180672,0.7522854680806886,0.6698552927506445,0.6785817773739977,0.4008340078779977,0.4109906676583761,0.7146599957666981
IRL,288,0.8418521583080292,0.915218710899353,0.8581802845001221,0.943364679813385,0.5651811361312866,0.8188283443450928,0.9503397941589355,0.6592039527044382,0.7588175118444467,0.6863182717089382,0.8434263448326469,0.6499002234697924,0.1654917735998193,0.8512695907709853
RUS,257,0.815152774254481,0.9043646454811096,0.8467069268226624,0.8346818089485168,0.6161727905273438,0.8113011717796326,0.8776893019676208,0.6123386976835914,0.7730610247208807,0.7626477086941978,0.7213916006540446,0.6849206750714043,0.0514894194971007,0.6805217574639201
ARE,236,0.812582274278005,0.8759282231330872,0.8188951015472412,0.8740906119346619,0.6820394992828369,0.7043167352676392,0.9202234745025636,0.4590606759500344,0.7200063572945269,0.4878653475851968,0.535472815700099,0.0399241439659509,0.3673325951085604,0.6037627960458727
CHL,232,0.8811185459295908,0.9497449398040771,0.8106768727302551,0.9495384693145752,0.7656970620155334,0.8351512551307678,0.9759026765823364,0.6421686876679126,0.9108871279260914,0.5828422453985168,0.8505823417266638,0.2927354821512742,0.3381415926312564,0.8778233361736737
BMU,232,0.7236428658167521,0.8538292646408081,0.3951737880706787,0.9042581915855408,0.5135174989700317,0.7851417064666748,0.8899367451667786,0.5165182309977968,0.7748912629584281,0.2555434725653904,0.6997353532789186,0.5276815774361319,0.0827655925545658,0.7584921271933465
AUT,200,0.9124532341957092,0.9520206451416016,0.8673248887062073,0.9339112043380736,0.8484013080596924,0.9221917390823364,0.950869619846344,0.6474335389644467,0.8183362833986875,0.6662833202324681,0.7366585741588005,0.5002428655294824,0.4022649413688,0.7608152490984418
GRC,199,0.8572171727816263,0.9255186319351196,0.7125959396362305,0.9182780385017396,0.8064006567001343,0.8380355834960938,0.9424741864204408,0.4806818104303024,0.6920131329111352,0.3280614672524456,0.5285828728308608,0.2449714400287481,0.4301811825835787,0.6602807669750457
KWT,191,0.8214162985483805,0.9088237285614014,0.837565541267395,0.8548519611358643,0.7235748171806335,0.7029207944869995,0.9007609486579896,0.6579337875846948,0.7778862335419054,0.6360440206715161,0.7640003542008293,0.4506970820599183,0.5511803962730373,0.7677946387609618
EGY,189,0.8622026145458221,0.8536130785942078,0.8702791929244995,0.8464195728302002,0.8808692693710327,0.8348338603973389,0.8872007131576538,0.305593513695557,0.2867167954908504,0.1646594364063857,0.1018961493726405,0.6314742461253409,0.4873606109803743,0.16145384379775
LUX,179,0.8472984830538431,0.9051419496536256,0.930012345314026,0.9724595546722412,0.8281924724578857,0.4771783351898193,0.9708062410354614,0.5321732891869344,0.8061810859561667,0.6876351736715173,0.7758091931401834,-0.0413188455692299,0.2001704839762277,0.7645626439467416
QAT,162,0.8771158456802368,0.9335891604423524,0.8508910536766052,0.8695318698883057,0.9305098056793212,0.7448148131370544,0.933358371257782,0.5662124459124092,0.7973187309657315,0.5313317913596156,0.5258582544841344,0.3846453467332085,0.5336363759313327,0.6244841760004324
CYM,145,0.693720281124115,0.5860637426376343,0.5951534509658813,0.8470632433891296,0.5316857099533081,0.8016859889030457,0.8006695508956909,0.2998099475947681,0.42024324885041,0.35592863136009,0.4383600562615707,0.5028856003856608,-0.1288412437592134,0.2102833924700909
VNM,113,0.8314657211303711,0.8782780170440674,0.8004124760627747,0.8910086154937744,0.6939343214035034,0.8169412016868591,0.9082196950912476,0.6263537532899304,0.7236323986563038,0.8181179659139031,0.8611197951203617,0.503235133505247,0.0774182256704755,0.7745990008732917
NGA,91,0.6926424900690714,0.5823707580566406,0.1406275033950805,0.8878676891326904,0.7728899121284485,0.9392606019973756,0.8328384757041931,0.3418963208795696,0.412568550344641,-0.3512415410578908,0.3095563752285709,0.8196674899050213,0.3540564854489111,0.5067705654081641
COL,90,0.8566119273503622,0.8665582537651062,0.7645558714866638,0.9504279494285583,0.844952404499054,0.7885642051696777,0.9246128797531128,0.8107311538148734,0.8802833845296153,0.8114638858978407,0.9149119977672218,0.496749303337558,0.8487480608661649,0.912230290490839
PER,87,0.6936741570631663,0.8548158407211304,0.8147901892662048,0.8351325392723083,-0.0364983081817626,0.7861615419387817,0.9076431393623352,0.6473741051282055,0.8644810778377032,0.7507219913791844,0.841218774360971,0.7461664549639508,-0.1968447359969725,0.8785010682243963
PRT,80,0.8340783913930258,0.8715498447418213,0.7878542542457581,0.9082528352737428,0.7556983828544617,0.7754786014556885,0.905636429786682,0.4360652013900131,0.6617832060048795,0.145242336481425,0.3946338443884535,0.3880019749063489,0.547634998587871,0.479094847971101
MAR,66,0.8245043953259786,0.9638043642044068,0.736021101474762,0.7386947274208069,0.8328031301498413,0.7023605108261108,0.9733425378799438,0.1094416086698971,0.9498245096197646,0.9315180024058488,-2.111290228377034,-0.1545510872196793,0.7099170430412998,0.3312314125491828
KEN,52,0.8684471944967905,0.9559488892555236,0.8992166519165039,0.915216863155365,0.5664011240005493,0.925876796245575,0.9480228424072266,0.6290363598847836,0.8864694084318006,0.6096280586422365,0.5513280535012046,0.8943557376879641,0.1471732520344632,0.6852636490110331
ARG,50,0.6520993510882059,0.8187606930732727,0.7872161269187927,0.445117712020874,0.7024052143096924,0.45278000831604,0.706316351890564,-0.1329210349650942,0.9010288680209868,0.5933095233113086,0.5403620737350436,-4.20993127223977,0.5889294072994682,0.7887751900823978
