country,labeled_samples,R2_Average_A,R2_log_Scope1_A,R2_log_Scope2_A,R2_log_Scope3_upstream_A,R2_log_Scope3_downLA_A,R2_log_Scope3_prod_A,R2_log_Scope_total_A,R2_Average_CT,R2_log_Scope1_CT,R2_log_Scope2_CT,R2_log_Scope3_upstream_CT,R2_log_Scope3_downLA_CT,R2_log_Scope3_prod_CT,R2_log_Scope_total_CT
USA,15514,0.9046520166357792,0.9403383550565104,0.9458956980572522,0.9824713793046363,0.7339064425572457,0.8440629618562123,0.9812372629828175,0.7493161556914948,0.863662556059599,0.8626916814928748,0.9409133966535158,0.5971405890324162,0.2885667703121192,0.9429219405984438
CHN,13988,0.8820840618530777,0.885432301152884,0.8710987770525174,0.9655172311387163,0.7843810084633807,0.8372641654910544,0.9488108878199132,0.6701455394150968,0.742039957197614,0.7406248755600566,0.8952073818467895,0.5459197143428232,0.2044357813515583,0.8926455261917394
JPN,11099,0.876394455019685,0.8991971271772576,0.9152983792682546,0.97815302791936,0.6951000784430479,0.7983887650137852,0.9722293522964058,0.7127552461126306,0.8062041788783741,0.837029549500028,0.9112093968044376,0.6006388214891913,0.1981027661836933,0.9233467638200596
KOR,5476,0.8772892507364701,0.9083935999913378,0.9462251158207812,0.9766564969059028,0.6822138867506085,0.7773483621864994,0.9728980427636909,0.7377857522657222,0.8194556399475834,0.8750979389681863,0.9108458614856584,0.6074220812400517,0.294373397930087,0.919519594022766
TWN,4315,0.832302237501351,0.8337863531416796,0.8681928108338257,0.9724720099825426,0.6721092316817883,0.7050055418791072,0.9422474774891628,0.6875627439391984,0.7044599002655849,0.7971526857756546,0.9110267714428136,0.5767627141519625,0.2294180939577804,0.9065562980413936
IND,3618,0.8456624739861524,0.8853967574711108,0.8066057981956756,0.9485503449362208,0.6981674200321619,0.7991908354262768,0.9360636878554676,0.6116051728450954,0.7032148320139271,0.5151821567407688,0.864939837477925,0.5119878234010642,0.2431431612008386,0.8311632262360487
HKG,2678,0.8771622031436305,0.8706509762661525,0.90016113789521,0.9454761982044468,0.7798434214467109,0.8183564110902466,0.9484850739590152,0.7409823846777921,0.7169093296103524,0.8075156486412876,0.873743543454183,0.6839924904488066,0.4732339705571166,0.8904993253550062
GBR,2326,0.8264754767912755,0.8852833119335186,0.8921338424036718,0.9683684416543096,0.5705833975831954,0.6810616719216347,0.9614221952513238,0.6615592997314746,0.752907629399872,0.7411655865267535,0.8853140131668102,0.4204791904943787,0.2954587917674225,0.8740305870336109
AUS,2220,0.8467581724696478,0.8366942701672085,0.8609698068373811,0.9598303583744492,0.7862072551759158,0.7033976146020161,0.933449729660916,0.7165427649588999,0.7748911013923562,0.7639027457621889,0.8782649687201298,0.5799131597938283,0.4293996204050126,0.8728849936798838
CAN,2115,0.865980810501652,0.9084047199500604,0.8495452090041091,0.9673467155153244,0.7579694869482017,0.7622995424089126,0.9503191891833028,0.7147758874138735,0.7934844702960394,0.7453028692023367,0.9087482257652107,0.4820715393465826,0.4699525520074218,0.88909566786565
FRA,1397,0.8619888287399591,0.9252112753420528,0.8892827330974485,0.969855456195812,0.6387370162631507,0.7786828787650222,0.9701636127762686,0.7048257722326801,0.8348063311359986,0.7941141869773471,0.8986413852922656,0.5915299320560956,0.2119256842762508,0.897937113658123
SWE,1355,0.8220876780419196,0.8328259560810032,0.8368766715661489,0.9706271709631668,0.5794266302257323,0.7497086930014707,0.9630609464139954,0.681339342239425,0.6774688556044344,0.7516108638589317,0.8896837733386298,0.5106991261382055,0.3627985906560698,0.8957748438402788
DEU,1349,0.8942693800293472,0.929787236038284,0.9318011885354796,0.9785467526941036,0.7767891581975241,0.7676694263678884,0.981022518342804,0.7245998739795884,0.7884161589933321,0.7827330218796429,0.869553267031314,0.5607552280943912,0.4744729524235442,0.8716686154553059
MYS,1177,0.8362876935563196,0.7834421088262953,0.7636531397386896,0.9560798356375352,0.8056906763423414,0.807294130652834,0.901566270140222,0.6601547095343379,0.7395633870265534,0.648305037964813,0.8164918213043221,0.4456381217797192,0.4728622647995457,0.8380676243310736
THA,1155,0.8910162173378652,0.9356617649180304,0.8037574459779827,0.9678432004757384,0.7964568686451178,0.8791348435266606,0.9632431804836624,0.6682730460906644,0.7278283255899035,0.699205482991458,0.8402301548971624,0.6917839827153458,0.2476410505281233,0.8029492798219937
CHE,1031,0.8620741729689861,0.913616706215234,0.8989249282053062,0.975793843920572,0.6479186726868318,0.7578438074611568,0.978347079324816,0.7316874094623537,0.8272558048733148,0.7947116421878205,0.870064201294021,0.6129839457132873,0.4002268646868758,0.884881998018803
BRA,1020,0.7821078462374204,0.8711461257310145,0.7948713623361623,0.9468192775144838,0.5281338986549949,0.6105508520477354,0.9411255611401308,0.6050191096067069,0.7582481578171778,0.5467706084838442,0.8279927530161333,0.3602331801028973,0.2966206581419053,0.8402493000782839
IDN,942,0.842390076846587,0.8580458841722591,0.751514848042609,0.943783192862247,0.7460234177129565,0.8585324989336449,0.8964406193558049,0.6650016682535597,0.7771534512683402,0.5877266857412091,0.9058549236092458,0.6673589540550877,0.1731552199448885,0.8787607749025867
SGP,817,0.8102381778806887,0.8047135284902882,0.7838311423285034,0.9616675531766014,0.6534543420264853,0.7388567907863832,0.918905710475871,0.636215139675867,0.5617697815693341,0.5825617151611651,0.8520679340720119,0.6157594052561159,0.3922276447727905,0.8129043572237842
SAU,806,0.9177843905644018,0.94612541817171,0.931067415405236,0.967720518310328,0.8022195888600337,0.8896476195745622,0.9699257830645402,0.7787152948336703,0.8825086305298651,0.8696031719037698,0.8976254141744783,0.6011141684503132,0.5052893441476971,0.9161510397958986
ISR,784,0.7740935556545616,0.8625866903744277,0.3483036171627549,0.944042249998446,0.7761444809163616,0.7937900189703411,0.9196942765050384,0.6622134228488722,0.8104287725358633,0.6693296085973346,0.8147780460128897,0.327459796041362,0.518343972187893,0.8329403417178911
ZAF,713,0.8241072460039544,0.9183816956256092,0.935300094971335,0.9567106432662276,0.4589825940858956,0.7236389334358929,0.9516295146387668,0.6213066872998859,0.7631904232027742,0.7596019386732333,0.7605774915908734,0.4808536797333552,0.1656510198540566,0.7979655707450226
ITA,683,0.8384568537845271,0.9355639439506458,0.9322092370143434,0.9775008993143696,0.5039396906421232,0.6995869411544545,0.9819404106312262,0.7138875039355903,0.8536830155320657,0.8279361735080873,0.888371670311702,0.5598844964600047,0.2545731543535838,0.8988765134480979
TUR,614,0.7698772254107314,0.8461325939146079,0.8089483531435817,0.9265316361761372,0.4020100101095272,0.7464413722698058,0.8891993868507284,0.4724705010183345,0.4650069631367987,0.5452001755942146,0.6342526190313642,0.4630799126124519,0.238263778813825,0.4890195569213524
NOR,486,0.7746478335959198,0.7451627721465931,0.7873751410730827,0.9403103576154548,0.7202262842371443,0.5185699626272495,0.9362424838759944,0.625401326616353,0.7445386308357517,0.5533753725905186,0.7684905167426059,0.4356284525900221,0.4664620884070124,0.7839128985322067
NLD,444,0.791220330029668,0.8215755839012809,0.6678757463138207,0.9631889576197676,0.520693608116299,0.8156680297971383,0.9583200544297008,0.6066342157044575,0.5572088499770574,0.4399852265936227,0.8547142259523501,0.6746616360163427,0.278759761015631,0.8344755946717413
ESP,437,0.8378761031582139,0.8738389183058557,0.8713878454885478,0.917248285619386,0.6519597152007106,0.7636226043927974,0.949199249941986,0.6534142967998555,0.6856589329988478,0.7523154183796138,0.7564351910751983,0.6421183244111281,0.2753868953331091,0.8085710186012358
MEX,413,0.8252469098598877,0.9073673306271892,0.8176676567471158,0.961783053881072,0.7136472520554507,0.6452815741852373,0.9057345916632602,0.6056606929115952,0.7599527136577913,0.6385128120206975,0.8048008872630974,0.2757318105612194,0.3782254853128806,0.7767404486538855
PHL,398,0.8057242291083938,0.873596749774575,0.8335870479091025,0.943220540954984,0.6253019737828163,0.6589273810102181,0.8997116812186671,0.5929782126450452,0.6099324684199503,0.6699232362401373,0.7474936565817132,0.4505822439865654,0.4089005777627549,0.6710370928791503
POL,352,0.7698920211840328,0.8646648202400717,0.6655658703740555,0.9061757866579994,0.688386040721382,0.6158867205935792,0.8786728885171082,0.476007466323147,0.595000646654639,0.4572750721072642,0.5712127178771106,0.330481562331426,0.3402560802667425,0.5618187187016999
FIN,346,0.7988327804870016,0.7556737392252119,0.923493069188638,0.9521921399659516,0.5359117331266774,0.6764444923493146,0.9492815090662156,0.7268059072120732,0.7635756773953274,0.8151323226239597,0.8430046358367533,0.6210521947831034,0.4492688805730169,0.8688017320602787
BEL,324,0.815096854446618,0.9175954117275428,0.8064544142274604,0.9183251998633984,0.5841002469581023,0.7272571679754851,0.9368486859277186,0.6216500052287683,0.7855145051994938,0.7406709762613448,0.8132138088758959,0.0408818550915953,0.5094470972927884,0.8401717886514921
NZL,307,0.7728154850003679,0.8734451540894141,0.6849549647550687,0.9446410608975366,0.5514209257795893,0.6691944586037848,0.9132363458768136,0.4438441823605192,0.3723312911322263,0.1824210971033891,0.7650284922349502,0.4201530894791289,0.2610969880526858,0.6620341361607349
PAK,303,0.7554177768652247,0.8558071244191129,0.7499259019916731,0.6986285229569951,0.6514732768153042,0.8014258599333419,0.7752459750749213,0.6712890488877207,0.8081642296474765,0.4002621109044602,0.7535312387011912,0.7141947589423471,0.5380542606823288,0.8135276944485198
DNK,291,0.7514825492566956,0.8514255004299355,0.8286601298824956,0.9716287413797332,0.7121104876286178,0.1858503142540029,0.9592201219653884,0.6045345349180672,0.7522854680806886,0.6698552927506445,0.6785817773739977,0.4008340078779977,0.4109906676583761,0.7146599957666981
IRL,288,0.8265810818355378,0.8943213826901927,0.8579880500094015,0.9557087575237718,0.7093176802015901,0.6046778856494186,0.9374727349388512,0.6592039527044382,0.7588175118444467,0.6863182717089382,0.8434263448326469,0.6499002234697924,0.1654917735998193,0.8512695907709853
RUS,257,0.7380459397560326,0.8498257402896883,0.7079868833277388,0.864782517676983,0.3411543216758089,0.8196382137984354,0.8448879617675413,0.6123386976835914,0.7730610247208807,0.7626477086941978,0.7213916006540446,0.6849206750714043,0.0514894194971007,0.6805217574639201
ARE,236,0.7171183441371496,0.7637763231342058,0.6869822134832464,0.8986870616718234,0.5176475329184169,0.5554496210488293,0.8801673125663758,0.4590606759500344,0.7200063572945269,0.4878653475851968,0.535472815700099,0.0399241439659509,0.3673325951085604,0.6037627960458727
BMU,232,0.7039791045633549,0.7859057871632984,0.5864120867697246,0.9367043264251464,0.3192003214607658,0.7280925252200223,0.867559580341172,0.5165182309977968,0.7748912629584281,0.2555434725653904,0.6997353532789186,0.5276815774361319,0.0827655925545658,0.7584921271933465
CHL,232,0.8089619322334505,0.9510956903005444,0.7416333985090204,0.940156399084229,0.6059482915407564,0.6526738407472883,0.9622639732188644,0.6421686876679126,0.9108871279260914,0.5828422453985168,0.8505823417266638,0.2927354821512742,0.3381415926312564,0.8778233361736737
AUT,200,0.8118214656975478,0.8532465074187529,0.8111359506654359,0.9001136836651616,0.5990252525950333,0.8172509761673559,0.8901564236735477,0.6474335389644467,0.8183362833986875,0.6662833202324681,0.7366585741588005,0.5002428655294824,0.4022649413688,0.7608152490984418
GRC,199,0.7698760085133537,0.8228190897094849,0.6180025268283481,0.8719655816081371,0.7200234038253339,0.7018832470302867,0.8845622020785319,0.4806818104303024,0.6920131329111352,0.3280614672524456,0.5285828728308608,0.2449714400287481,0.4301811825835787,0.6602807669750457
KWT,191,0.9044177045841284,0.9101786323581312,0.906698669842431,0.9363196282681332,0.867108363447654,0.8759946146952248,0.9302063188931952,0.6579337875846948,0.7778862335419054,0.6360440206715161,0.7640003542008293,0.4506970820599183,0.5511803962730373,0.7677946387609618
EGY,189,0.7571777421864428,0.8691521216473557,0.7178842112105237,0.8536645815174442,0.4289194123117703,0.80629415129166,0.8671519751399036,0.305593513695557,0.2867167954908504,0.1646594364063857,0.1018961493726405,0.6314742461253409,0.4873606109803743,0.16145384379775
LUX,179,0.7997816550940441,0.9544316123750616,0.7553550933363837,0.9301221016832564,0.587403043185425,0.6320848221772499,0.939293257806888,0.5321732891869344,0.8061810859561667,0.6876351736715173,0.7758091931401834,-0.0413188455692299,0.2001704839762277,0.7645626439467416
QAT,162,0.8012955836417551,0.8715742666596187,0.8169288454575261,0.8945076976822774,0.7979583350258428,0.5567462769584417,0.8700580800668243,0.5662124459124092,0.7973187309657315,0.5313317913596156,0.5258582544841344,0.3846453467332085,0.5336363759313327,0.6244841760004324
CYM,145,0.5425498546940112,0.358728818919293,0.7617694476090434,0.8925239981362757,0.2406503311203814,0.128624077595178,0.8730024547838953,0.2998099475947681,0.42024324885041,0.35592863136009,0.4383600562615707,0.5028856003856608,-0.1288412437592134,0.2102833924700909
VNM,113,0.900988424448628,0.9676015138175776,0.726536300118498,0.9199207642256372,0.8959743629931894,0.9409368911108744,0.9549607144259916,0.6263537532899304,0.7236323986563038,0.8181179659139031,0.8611197951203617,0.503235133505247,0.0774182256704755,0.7745990008732917
NGA,91,0.8068494008791837,0.932442824871557,0.867488512826637,0.8746483543229886,0.6240510785558135,0.5844120477002851,0.9580535869978208,0.3418963208795696,0.412568550344641,-0.3512415410578908,0.3095563752285709,0.8196674899050213,0.3540564854489111,0.5067705654081641
COL,90,0.7817179716100332,0.704894996803402,0.886199907584916,0.9463593526292812,0.775269773151759,0.5072713570924278,0.8703124423984128,0.8107311538148734,0.8802833845296153,0.8114638858978407,0.9149119977672218,0.496749303337558,0.8487480608661649,0.912230290490839
PER,87,0.7104679876921031,0.9013286024132944,0.6134505742298315,0.910309049393532,0.0279292736880857,0.8962085950153079,0.9135818314125662,0.6473741051282055,0.8644810778377032,0.7507219913791844,0.841218774360971,0.7461664549639508,-0.1968447359969725,0.8785010682243963
PRT,80,0.8354686236141883,0.9750150177137848,0.9182231187342584,0.9624081815314082,0.8195653056678625,0.3556483132294088,0.9819518048084068,0.4360652013900131,0.6617832060048795,0.145242336481425,0.3946338443884535,0.3880019749063489,0.547634998587871,0.479094847971101
MAR,66,0.8462702140523088,0.9877696817530768,0.5381056160072994,0.9656743327698022,0.8713115557029267,0.7348353972900156,0.9799247007907318,0.1094416086698971,0.9498245096197646,0.9315180024058488,-2.111290228377034,-0.1545510872196793,0.7099170430412998,0.3312314125491828
KEN,52,-0.4049631012781101,-0.3860391308829285,-0.4800229053882487,-0.4036967142086032,-0.3037573769593431,-0.3147377852559774,-0.5415246949735602,0.6290363598847836,0.8864694084318006,0.6096280586422365,0.5513280535012046,0.8943557376879641,0.1471732520344632,0.6852636490110331
ARG,50,-0.627824088014677,-0.5101799255111539,-1.3198833101812857,-0.9524112781169394,-0.1691659341569105,-0.159372810056207,-0.6559312700655657,-0.1329210349650942,0.9010288680209868,0.5933095233113086,0.5403620737350436,-4.20993127223977,0.5889294072994682,0.7887751900823978
