country,labeled_samples,best_model_R2_Average,best_r2_R2_Average,best_model_R2_log_Scope1,best_r2_R2_log_Scope1,best_model_R2_log_Scope2,best_r2_R2_log_Scope2,best_model_R2_log_Scope3_upstream,best_r2_R2_log_Scope3_upstream,best_model_R2_log_Scope3_downLA,best_r2_R2_log_Scope3_downLA,best_model_R2_log_Scope3_prod,best_r2_R2_log_Scope3_prod,best_model_R2_log_Scope_total,best_r2_R2_log_Scope_total
USA,15514,A_star,0.9046520166357792,A_star,0.9403383550565104,A_star,0.9458956980572522,A_star,0.9824713793046363,A_star,0.7339064425572457,A_star,0.8440629618562123,A_star,0.9812372629828175
CHN,13988,A_star,0.8820840618530777,A_star,0.885432301152884,A_star,0.8710987770525174,A_star,0.9655172311387163,A_star,0.7843810084633807,A_star,0.8372641654910544,A_star,0.9488108878199132
JPN,11099,A_star,0.876394455019685,A_star,0.8991971271772576,A_star,0.9152983792682546,A_star,0.97815302791936,A_star,0.6951000784430479,A_star,0.7983887650137852,A_star,0.9722293522964058
KOR,5476,A_star,0.8772892507364701,A_star,0.9083935999913378,A_star,0.9462251158207812,A_star,0.9766564969059028,A_star,0.6822138867506085,C_dev,0.7931140661239624,A_star,0.9728980427636909
TWN,4315,A_star,0.832302237501351,A_star,0.8337863531416796,A_star,0.8681928108338257,A_star,0.9724720099825426,A_star,0.6721092316817883,C_dev,0.741940975189209,A_star,0.9422474774891628
IND,3618,A_star,0.8456624739861524,A_star,0.8853967574711108,A_star,0.8066057981956756,A_star,0.9485503449362208,A_star,0.6981674200321619,A_star,0.7991908354262768,A_star,0.9360636878554676
HKG,2678,A_star,0.8771622031436305,A_star,0.8706509762661525,A_star,0.90016113789521,A_star,0.9454761982044468,A_star,0.7798434214467109,C_dev,0.8241443634033203,A_star,0.9484850739590152
GBR,2326,A_star,0.8264754767912755,A_star,0.8852833119335186,A_star,0.8921338424036718,A_star,0.9683684416543096,C_dev,0.687995433807373,C,0.7079899311065674,A_star,0.9614221952513238
AUS,2220,A_star,0.8467581724696478,A_star,0.8366942701672085,A_star,0.8609698068373811,A_star,0.9598303583744492,A_star,0.7862072551759158,C_dev,0.8019179701805115,A_star,0.933449729660916
CAN,2115,A_star,0.865980810501652,A_star,0.9084047199500604,C,0.8604235649108887,A_star,0.9673467155153244,A_star,0.7579694869482017,A_star,0.7622995424089126,A_star,0.9503191891833028
FRA,1397,A_star,0.8619888287399591,A_star,0.9252112753420528,A_star,0.8892827330974485,A_star,0.969855456195812,C,0.6445832252502441,A_star,0.7786828787650222,A_star,0.9701636127762686
SWE,1355,A_star,0.8220876780419196,A_star,0.8328259560810032,A_star,0.8368766715661489,A_star,0.9706271709631668,C,0.71019446849823,C,0.7806262373924255,A_star,0.9630609464139954
DEU,1349,A_star,0.8942693800293472,A_star,0.929787236038284,A_star,0.9318011885354796,A_star,0.9785467526941036,A_star,0.7767891581975241,A_star,0.7676694263678884,A_star,0.981022518342804
MYS,1177,A_star,0.8362876935563196,C_dev,0.8288257718086243,C_dev,0.8095017075538635,A_star,0.9560798356375352,A_star,0.8056906763423414,A_star,0.807294130652834,C_dev,0.9069113731384276
THA,1155,A_star,0.8910162173378652,A_star,0.9356617649180304,A_star,0.8037574459779827,A_star,0.9678432004757384,A_star,0.7964568686451178,C_dev,0.9101170897483826,A_star,0.9632431804836624
CHE,1031,A_star,0.8620741729689861,A_star,0.913616706215234,A_star,0.8989249282053062,A_star,0.975793843920572,A_star,0.6479186726868318,C_dev,0.8284907937049866,A_star,0.978347079324816
BRA,1020,C,0.8070773283640543,C,0.874413251876831,A_star,0.7948713623361623,A_star,0.9468192775144838,C_dev,0.7153236865997314,C,0.6787096261978149,A_star,0.9411255611401308
IDN,942,A_star,0.842390076846587,C_dev,0.8634512424468994,C_dev,0.7654187083244324,C_dev,0.9509512782096864,A_star,0.7460234177129565,C,0.873494565486908,C_dev,0.9273079633712769
SGP,817,A_star,0.8102381778806887,A_star,0.8047135284902882,A_star,0.7838311423285034,A_star,0.9616675531766014,C,0.7293206453323364,C_dev,0.7877068519592285,A_star,0.918905710475871
SAU,806,A_star,0.9177843905644018,A_star,0.94612541817171,A_star,0.931067415405236,A_star,0.967720518310328,C,0.8439328670501709,A_star,0.8896476195745622,A_star,0.9699257830645402
ISR,784,C,0.8705805937449137,C_dev,0.90635746717453,D_full,0.8548859357833862,A_star,0.944042249998446,C,0.8644376993179321,A_star,0.7937900189703411,C_dev,0.9513294100761414
ZAF,713,C,0.8561119139194489,A_star,0.9183816956256092,A_star,0.935300094971335,A_star,0.9567106432662276,C,0.6700946092605591,C_dev,0.8146910667419434,A_star,0.9516295146387668
ITA,683,C,0.8688125113646189,A_star,0.9355639439506458,A_star,0.9322092370143434,A_star,0.9775008993143696,C,0.6766662001609802,C,0.852806031703949,A_star,0.9819404106312262
TUR,614,C,0.8345339894294739,C,0.8623225092887878,A_star,0.8089483531435817,A_star,0.9265316361761372,C,0.7603328824043274,C,0.8253461122512817,C,0.8893132209777832
NOR,486,C,0.840061237414678,C,0.8541366457939148,A_star,0.7873751410730827,A_star,0.9403103576154548,C,0.8055390119552612,C,0.7962498664855957,A_star,0.9362424838759944
NLD,444,C_dev,0.8333209554354349,A_star,0.8215755839012809,C_dev,0.7142531871795654,A_star,0.9631889576197676,C_dev,0.7380552291870117,C_dev,0.8791040778160095,A_star,0.9583200544297008
ESP,437,A_star,0.8378761031582139,A_star,0.8738389183058557,A_star,0.8713878454885478,A_star,0.917248285619386,C,0.7412368059158325,C_dev,0.8016418218612671,A_star,0.949199249941986
MEX,413,C,0.8468525409698486,A_star,0.9073673306271892,A_star,0.8176676567471158,C,0.9678771495819092,C,0.8056355714797974,C,0.7416753172874451,A_star,0.9057345916632602
PHL,398,C,0.8451452155907949,A_star,0.873596749774575,C_dev,0.8893052339553833,A_star,0.943220540954984,C,0.6812893152236938,C,0.8645331859588623,C_dev,0.9112240076065063
POL,352,C,0.8484786152839661,C_dev,0.8750439286231995,C,0.8794134855270386,C,0.9525099992752076,C,0.7173447608947754,C_dev,0.7406924962997437,C,0.9475257396697998
FIN,346,C_dev,0.8734189768632253,C_dev,0.8912766575813293,A_star,0.923493069188638,A_star,0.9521921399659516,C_dev,0.7247533202171326,C_dev,0.8498357534408569,C,0.953975796699524
BEL,324,C,0.8243552049001058,A_star,0.9175954117275428,C,0.8403713703155518,C,0.9266024231910706,C,0.8736010789871216,A_star,0.7272571679754851,C,0.9482278227806092
NZL,307,A_star,0.7728154850003679,A_star,0.8734451540894141,A_star,0.6849549647550687,A_star,0.9446410608975366,C_dev,0.7356760501861572,C,0.8311668634414673,A_star,0.9132363458768136
PAK,303,C_dev,0.8475896616776785,C_dev,0.8695768117904663,A_star,0.7499259019916731,C_dev,0.857698917388916,C_dev,0.904288649559021,D_full_dev,0.9257923364639282,C,0.8777413368225098
DNK,291,C,0.8665242989857992,C,0.9210869073867798,C_dev,0.8688092231750488,A_star,0.9716287413797332,C_dev,0.7783514261245728,D_full_dev,0.8164925575256348,A_star,0.9592201219653884
IRL,288,C,0.8418521583080292,C,0.915218710899353,C,0.8581802845001221,A_star,0.9557087575237718,A_star,0.7093176802015901,C,0.8188283443450928,B_dev,0.9576217860200716
RUS,257,C_dev,0.8421072363853455,C_dev,0.9191153645515442,C,0.8467069268226624,C_dev,0.8797755837440491,C_CT,0.6849206750714043,D_full_dev,0.8885917663574219,C_dev,0.9134481549263
ARE,236,C_dev,0.8206132849057516,C,0.8759282231330872,C,0.8188951015472412,A_star,0.8986870616718234,C_dev,0.7272320985794067,C_dev,0.7268110513687134,C_dev,0.9244954586029052
BMU,232,D_full_dev,0.7394444346427917,D_full,0.894555926322937,A_star,0.5864120867697246,A_star,0.9367043264251464,B_dev,0.5439005933610919,D_full_dev,0.8970127701759338,D_full_dev,0.9523141384124756
CHL,232,C,0.8811185459295908,A_star,0.9510956903005444,C,0.8106768727302551,C,0.9495384693145752,C,0.7656970620155334,C_dev,0.8372283577919006,C,0.9759026765823364
AUT,200,C,0.9124532341957092,C,0.9520206451416016,C,0.8673248887062073,D_full,0.9516944289207458,C,0.8484013080596924,C,0.9221917390823364,C,0.950869619846344
GRC,199,C,0.8572171727816263,D_full,0.9399124383926392,C_dev,0.7499285936355591,C,0.9182780385017396,C_dev,0.816594123840332,C_dev,0.8436019420623779,C,0.9424741864204408
KWT,191,A_star,0.9044177045841284,C_dev,0.9219344854354858,A_star,0.906698669842431,A_star,0.9363196282681332,A_star,0.867108363447654,A_star,0.8759946146952248,A_star,0.9302063188931952
EGY,189,C,0.8622026145458221,A_star,0.8691521216473557,C,0.8702791929244995,A_star,0.8536645815174442,C_dev,0.8888642191886902,C,0.8348338603973389,C,0.8872007131576538
LUX,179,C,0.8472984830538431,A_star,0.9544316123750616,C,0.930012345314026,C,0.9724595546722412,C,0.8281924724578857,D_full,0.6772007942199707,C,0.9708062410354614
QAT,162,C,0.8771158456802368,C,0.9335891604423524,D_lora,0.8698144555091858,A_star,0.8945076976822774,C,0.9305098056793212,D_full_dev,0.7652645111083984,C,0.933358371257782
CYM,145,C_dev,0.7255622744560242,C_dev,0.6463420391082764,A_star,0.7617694476090434,D_full,0.9025465846061708,D_full,0.6590926051139832,D_full,0.894687831401825,C_dev,0.8739867210388184
VNM,113,A_star,0.900988424448628,A_star,0.9676015138175776,C_dev,0.8357923030853271,A_star,0.9199207642256372,A_star,0.8959743629931894,A_star,0.9409368911108744,A_star,0.9549607144259916
NGA,91,A_star,0.8068494008791837,A_star,0.932442824871557,A_star,0.867488512826637,C,0.8878676891326904,C_CT,0.8196674899050213,C_dev,0.9657747745513916,A_star,0.9580535869978208
COL,90,C,0.8566119273503622,C_CT,0.8802833845296153,A_star,0.886199907584916,C,0.9504279494285583,C_dev,0.9172630906105042,D_lora,0.8808504343032837,C,0.9246128797531128
PER,87,C_dev,0.71284618973732,A_star,0.9013286024132944,C_dev,0.8451319336891174,A_star,0.910309049393532,C_CT,0.7461664549639508,A_star,0.8962085950153079,A_star,0.9135818314125662
PRT,80,D_full,0.8990867535273234,A_star,0.9750150177137848,A_star,0.9182231187342584,A_star,0.9624081815314082,D_full,0.9311810731887816,D_lora,0.8982991576194763,A_star,0.9819518048084068
MAR,66,C_dev,0.8813429474830627,A_star,0.9877696817530768,C_CT,0.9315180024058488,A_star,0.9656743327698022,D_full,0.8872183561325073,D_lora,0.9363734722137452,C_dev,0.9835495352745056
KEN,52,C,0.8684471944967905,C,0.9559488892555236,C,0.8992166519165039,C,0.915216863155365,C_CT,0.8943557376879641,D_lora,0.95918869972229,D_full,0.9584879875183104
ARG,50,D_lora,0.7068080206712087,C_CT,0.9010288680209868,D_lora,0.9258907437324524,B,0.7900005903743493,D_lora_dev,0.8273943066596985,B_dev,0.6945395455256209,B,0.8123778830517316
