country,experiment_type,experiment_type_full,R2_Average,MAE_Average,RMSE_Average,training_samples,finetune_samples,log_Scope1,log_Scope2,log_Scope3_upstream,log_Scope3_downLA,log_Scope3_prod,log_Scope_total
ISR,C,Transfer_Learning,0.8705805937449137,0.7055815805991491,1.0219585830604745,84439,784,0.9056881666183472,0.8445850014686584,0.9203665256500244,0.8644376993179321,0.7489752769470215,0.9394308924674988
ISR,C_dev,Transfer_Learning_Developed,0.8601069947083791,0.7287372052669525,1.059620133059655,58312,784,0.90635746717453,0.8437502980232239,0.938967227935791,0.8394515514373779,0.6807860136032104,0.9513294100761414
ISR,Transfer_Learning_FTT,Transfer_Learning_FTT,0.7607921262582144,0.9741543829441071,1.394199936304504,84439,784,0.829272985458374,0.7058154344558716,0.8565484285354614,0.6043645739555359,0.6955870389938354,0.8731642961502075
ISR,Transfer_Learning_FTT_Developed,Transfer_Learning_FTT_Developed,0.75895227988561,1.0029345254103343,1.4023391145283082,58312,784,0.8422079086303711,0.754101037979126,0.8688703775405884,0.6951310634613037,0.49912089109420776,0.8942824006080627
ISR,D_full,Transfer_Learning_FTT_Full,0.8378391663233439,0.8199631124734879,1.1570111413490942,84439,784,0.8908935189247131,0.8548859357833862,0.9048594236373901,0.7344707250595093,0.7131963968276978,0.9287289977073669
ISR,D_full_dev,Transfer_Learning_FTT_Full_Developed,0.8207494020462036,0.8470365256071091,1.2110003954942778,58312,784,0.8860746622085571,0.7993741035461426,0.8833487033843994,0.7345527410507202,0.7068642377853394,0.914281964302063
IRL,C,Transfer_Learning,0.8418521583080292,0.9625890205303828,1.322884815285267,84935,288,0.915218710899353,0.8581802845001221,0.943364679813385,0.5651811361312866,0.8188283443450928,0.9503397941589355
IRL,C_dev,Transfer_Learning_Developed,0.812625527381897,1.0414083451032639,1.413813319646435,58808,288,0.8934120535850525,0.8319474458694458,0.9343603849411011,0.4539226293563843,0.8160616159439087,0.9460490345954895
IRL,Transfer_Learning_FTT,Transfer_Learning_FTT,0.7072591880957285,1.1797545154889424,1.680230463996092,84935,288,0.8438507914543152,0.8242693543434143,0.9106894135475159,-0.04799330234527588,0.779335618019104,0.9334032535552979
IRL,Transfer_Learning_FTT_Developed,Transfer_Learning_FTT_Developed,0.7008195718129476,1.2569063703219097,1.817266758986716,58808,288,0.8556946516036987,0.8274484872817993,0.9313780069351196,0.08831024169921875,0.5602128505706787,0.9418731927871704
IRL,D_full,Transfer_Learning_FTT_Full,0.72797159353892,1.2315677801767986,1.726207462160615,84935,288,0.8259297013282776,0.7894796133041382,0.9168366193771362,0.22390049695968628,0.7019138336181641,0.9097692966461182
IRL,D_full_dev,Transfer_Learning_FTT_Full_Developed,0.7060286998748779,1.2028784453868866,1.7185545719006272,58808,288,0.8661367893218994,0.7693600654602051,0.9345706105232239,0.0108986496925354,0.7311184406280518,0.924087643623352
PHL,C,Transfer_Learning,0.8451452155907949,0.8628108501434326,1.2069506866696909,84825,398,0.8169696927070618,0.874721348285675,0.9346163868904114,0.6812893152236938,0.8645331859588623,0.8987413644790649
PHL,C_dev,Transfer_Learning_Developed,0.8309339483579,0.9076063334941864,1.2546490582338252,59096,398,0.8204964399337769,0.8893052339553833,0.9375827312469482,0.5915021896362305,0.8354930877685547,0.9112240076065063
PHL,Transfer_Learning_FTT,Transfer_Learning_FTT,0.6792288025220236,1.2855559587478638,1.7659162860732043,84825,398,0.7175988554954529,0.7182710766792297,0.840463399887085,0.5897212028503418,0.40421146154403687,0.8051068186759949
PHL,Transfer_Learning_FTT_Developed,Transfer_Learning_FTT_Developed,0.6093219816684723,1.4371562500794728,1.9393532727267544,59096,398,0.667312741279602,0.6695201396942139,0.8714399933815002,0.4162638187408447,0.2236817479133606,0.8077134490013123
PHL,D_full,Transfer_Learning_FTT_Full,0.7271250089009603,1.0549989938735962,1.6122346138928065,84825,398,0.7604307532310486,0.7629704475402832,0.9344533085823059,0.5469685792922974,0.4746202826499939,0.8833066821098328
PHL,D_full_dev,Transfer_Learning_FTT_Full_Developed,0.7221965789794922,1.119348814090093,1.6437430240779174,59096,398,0.7453441619873047,0.811345636844635,0.8990070819854736,0.6344428062438965,0.3997138738632202,0.8433259129524231
FRA,C,Transfer_Learning,0.8232229749361674,1.0193206270535786,1.5234072741225202,83826,1397,0.8758857250213623,0.825248122215271,0.9298193454742432,0.6445832252502441,0.7384493350982666,0.9253520965576172
FRA,C_dev,Transfer_Learning_Developed,0.8094154099623362,1.0315258204936981,1.5724762445051406,57699,1397,0.8712195754051208,0.8145180940628052,0.9199334383010864,0.5922919511795044,0.7425273656845093,0.9160020351409912
FRA,Transfer_Learning_FTT,Transfer_Learning_FTT,0.7324172854423523,1.2354490359624226,1.8358722634537041,83826,1397,0.833768367767334,0.766987681388855,0.9164941310882568,0.3269018530845642,0.6304202079772949,0.9199314713478088
FRA,Transfer_Learning_FTT_Developed,Transfer_Learning_FTT_Developed,0.7095373868942261,1.3232253591219585,1.9081866864837096,57699,1397,0.8217672109603882,0.7863529920578003,0.9028457403182983,0.2307395339012146,0.613853931427002,0.9016649127006531
FRA,D_full,Transfer_Learning_FTT_Full,0.7452566723028818,1.1433282891909282,1.7709944616666513,83826,1397,0.8434168100357056,0.7659866809844971,0.9243186116218567,0.3232405185699463,0.6895079016685486,0.9250695109367371
FRA,D_full_dev,Transfer_Learning_FTT_Full_Developed,0.7553954223791758,1.1353092789649963,1.7596184497100937,57699,1397,0.849700927734375,0.7930161356925964,0.9101466536521912,0.38965052366256714,0.6712397336959839,0.9186185598373413
DEU,C,Transfer_Learning,0.81935582558314,1.0006200472513835,1.5194396754433968,83874,1349,0.8593058586120605,0.8427369594573975,0.9151157736778259,0.6598539352416992,0.7195930480957031,0.919529378414154
DEU,C_dev,Transfer_Learning_Developed,0.8229511479536692,0.9939137200514475,1.5074346747437282,57747,1349,0.854728102684021,0.8332815766334534,0.9124420285224915,0.700611412525177,0.72254478931427,0.9140989780426025
DEU,Transfer_Learning_FTT,Transfer_Learning_FTT,0.719843993584315,1.2514894207318623,1.8710207557677752,83874,1349,0.7828255295753479,0.7771008610725403,0.8805369138717651,0.3756709098815918,0.6232600808143616,0.8796696662902832
DEU,Transfer_Learning_FTT_Developed,Transfer_Learning_FTT_Developed,0.7188840905825297,1.266989399989446,1.8863730759131654,57747,1349,0.7988833785057068,0.7714005708694458,0.8919689059257507,0.4031681418418884,0.5553133487701416,0.8925701975822449
DEU,D_full,Transfer_Learning_FTT_Full,0.7920988897482554,1.0212293068567913,1.612969460852673,83874,1349,0.8214153051376343,0.7911244630813599,0.9041202664375305,0.6008625030517578,0.7328618764877319,0.9022089242935181
DEU,D_full_dev,Transfer_Learning_FTT_Full_Developed,0.7989978194236755,0.9994930624961853,1.5835969769386977,57747,1349,0.8274357318878174,0.8092195987701416,0.8996610641479492,0.6036475300788879,0.7554606199264526,0.8985623717308044
ZAF,C,Transfer_Learning,0.8561119139194489,0.857798715432485,1.263571090514251,84510,713,0.8853474259376526,0.9049028754234314,0.9245201349258423,0.6700946092605591,0.8067686557769775,0.9450377821922302
ZAF,C_dev,Transfer_Learning_Developed,0.8525337179501852,0.8639626353979111,1.2733730045773226,59096,713,0.8803352117538452,0.896815299987793,0.9249124526977539,0.657304048538208,0.8146910667419434,0.9411442279815674
ZAF,Transfer_Learning_FTT,Transfer_Learning_FTT,0.677932878335317,1.352350115776062,1.8991085707609994,84510,713,0.7621984481811523,0.7504268884658813,0.813373327255249,0.36523163318634033,0.5578720569610596,0.8184949159622192
ZAF,Transfer_Learning_FTT_Developed,Transfer_Learning_FTT_Developed,0.6524025003115336,1.467397580544154,1.9662819227346138,59096,713,0.7720646858215332,0.7703116536140442,0.8503992557525635,0.16083943843841553,0.5139079093933105,0.8468920588493347
ZAF,D_full,Transfer_Learning_FTT_Full,0.7464845975240072,1.151660516858101,1.6691611922884906,84510,713,0.807648777961731,0.8297731876373291,0.8934964537620544,0.3736575245857239,0.6721217632293701,0.9022098779678345
ZAF,D_full_dev,Transfer_Learning_FTT_Full_Developed,0.694886326789856,1.231049155195554,1.8389931574894192,59096,713,0.8136797547340393,0.8313093781471252,0.8791351318359375,0.19820737838745117,0.5457080602645874,0.9012782573699951
BRA,C,Transfer_Learning,0.8070773283640543,1.0642191966374714,1.4784124916115189,84203,1020,0.874413251876831,0.7184319496154785,0.9259843826293945,0.7087099552154541,0.6787096261978149,0.936214804649353
BRA,C_dev,Transfer_Learning_Developed,0.7965608437856039,1.1071007748444874,1.516042151948272,59096,1020,0.852959156036377,0.6882373094558716,0.9312170743942261,0.7153236865997314,0.6615949869155884,0.9300328493118286
BRA,Transfer_Learning_FTT,Transfer_Learning_FTT,0.5597751239935557,1.714956263701121,2.256473907580836,84203,1020,0.6967759132385254,0.4996036887168884,0.8229596614837646,0.2923518419265747,0.2498096227645874,0.7971500158309937
BRA,Transfer_Learning_FTT_Developed,Transfer_Learning_FTT_Developed,0.5704403122266134,1.6781907578309376,2.219862232052615,59096,1020,0.7383314371109009,0.41108471155166626,0.8215141892433167,0.3971784710884094,0.23824584484100342,0.8162872195243835
BRA,D_full,Transfer_Learning_FTT_Full,0.6570460597674052,1.403621256351471,1.980043133033982,84203,1020,0.8121578693389893,0.520266056060791,0.885660707950592,0.4698755741119385,0.3699910044670105,0.8843251466751099
BRA,D_full_dev,Transfer_Learning_FTT_Full_Developed,0.6414094765981039,1.4527051448822021,2.0265966846134718,59096,1020,0.7762011885643005,0.5116704702377319,0.8812634348869324,0.4435487985610962,0.3613722324371338,0.8744007349014282
AUT,C,Transfer_Learning,0.9124532341957092,0.6581377238035202,0.896954122805013,85023,200,0.9520206451416016,0.8673248887062073,0.9339112043380737,0.8484013080596924,0.9221917390823364,0.950869619846344
AUT,C_dev,Transfer_Learning_Developed,0.8909713129202524,0.7465146233638128,1.026442411273595,58896,200,0.9396347403526306,0.8498844504356384,0.9342567920684814,0.7988813519477844,0.8775336742401123,0.9456368684768677
AUT,Transfer_Learning_FTT,Transfer_Learning_FTT,0.7831908563772837,1.0606252898772557,1.5165883142636571,85023,200,0.8842127919197083,0.821771502494812,0.8967885971069336,0.5829170942306519,0.6058146357536316,0.9076405167579651
AUT,Transfer_Learning_FTT_Developed,Transfer_Learning_FTT_Developed,0.710594117641449,1.2253766804933548,1.7357546641960402,58896,200,0.8811423778533936,0.7923656702041626,0.9116908311843872,0.2547222375869751,0.5102947950363159,0.9133487939834595
AUT,D_full,Transfer_Learning_FTT_Full,0.8449121018250784,0.870425264040629,1.2625666589015252,85023,200,0.9195421934127808,0.861828088760376,0.9516944289207458,0.6251155138015747,0.7688509225845337,0.942441463470459
AUT,D_full_dev,Transfer_Learning_FTT_Full_Developed,0.826885441939036,0.9075067092974981,1.3210747654402661,58896,200,0.9249245524406433,0.8263944387435913,0.9139139652252197,0.6037988066673279,0.767774224281311,0.924506664276123
THA,C,Transfer_Learning,0.8464504877726237,0.8097170839707056,1.1346021970087783,84068,1155,0.8708979487419128,0.7980642318725586,0.9323030114173889,0.674094557762146,0.8968315720558167,0.9065116047859192
THA,C_dev,Transfer_Learning_Developed,0.8556094368298849,0.7869011710087458,1.0961808953288306,59096,1155,0.8767642974853516,0.7942149043083191,0.9317129850387573,0.7164909839630127,0.9101170897483826,0.9043563604354858
THA,Transfer_Learning_FTT,Transfer_Learning_FTT,0.747759203116099,1.0507305065790813,1.486773666488874,84068,1155,0.8148754835128784,0.6979537010192871,0.9053207039833069,0.46040451526641846,0.7273790836334229,0.8806217312812805
THA,Transfer_Learning_FTT_Developed,Transfer_Learning_FTT_Developed,0.7272083957990011,1.1468427081902821,1.5572611145157842,59096,1155,0.7809452414512634,0.6599811315536499,0.8661198616027832,0.507961630821228,0.7075881958007812,0.8406543135643005
THA,D_full,Transfer_Learning_FTT_Full,0.808542380730311,0.9018259942531586,1.3062303502248904,84068,1155,0.8462214469909668,0.7853480577468872,0.912936270236969,0.6202186942100525,0.7865339517593384,0.8999958634376526
THA,D_full_dev,Transfer_Learning_FTT_Full_Developed,0.7813054621219635,0.9864112436771393,1.3957290005348257,59096,1155,0.8139416575431824,0.7429352402687073,0.8872236013412476,0.6003401279449463,0.770344078540802,0.8730480670928955
IDN,C,Transfer_Learning,0.8226760526498159,0.9185218165318171,1.3002983018118215,84281,942,0.8537638783454895,0.7429627180099487,0.9482148885726929,0.6089364290237427,0.873494565486908,0.9086838364601135
IDN,C_dev,Transfer_Learning_Developed,0.8362807631492615,0.8728241622447968,1.260120212391841,59096,942,0.8634512424468994,0.7654187083244324,0.9509512782096863,0.6474722623825073,0.8630831241607666,0.9273079633712769
IDN,Transfer_Learning_FTT,Transfer_Learning_FTT,0.6118597288926443,1.4645871222019196,1.9422594598097087,84281,942,0.6492641568183899,0.5081769227981567,0.8170444369316101,0.17959356307983398,0.7321577072143555,0.7849215865135193
IDN,Transfer_Learning_FTT_Developed,Transfer_Learning_FTT_Developed,0.573056032260259,1.540832946697871,2.0322882152604387,59096,942,0.6733081340789795,0.4324212670326233,0.8241958022117615,0.06742554903030396,0.6765891313552856,0.7643963098526001
IDN,D_full,Transfer_Learning_FTT_Full,0.7228511075178782,1.1559543013572693,1.6517720510268774,84281,942,0.7748868465423584,0.5836315751075745,0.8957560062408447,0.4644733667373657,0.7591169476509094,0.8592419028282166
IDN,D_full_dev,Transfer_Learning_FTT_Full_Developed,0.6688115497430166,1.2830322484175365,1.8237562554012154,59096,942,0.7192542552947998,0.5561188459396362,0.8838790655136108,0.3485289216041565,0.6592290997505188,0.8458591103553772
PER,C,Transfer_Learning,0.6936741570631663,1.1528538813193638,1.468241170708423,85136,87,0.8548158407211304,0.8147901892662048,0.8351325392723083,-0.036498308181762695,0.7861615419387817,0.9076431393623352
PER,C_dev,Transfer_Learning_Developed,0.71284618973732,1.061645155151685,1.3765788666820225,59096,87,0.8741973638534546,0.8451319336891174,0.851582407951355,-0.04815983772277832,0.8461120128631592,0.9082132577896118
PER,Transfer_Learning_FTT,Transfer_Learning_FTT,0.6362249751885732,1.2052657107512157,1.5823468140275103,85136,87,0.819797158241272,0.7453920841217041,0.8777189254760742,-0.27402400970458984,0.777041494846344,0.8714241981506348
PER,Transfer_Learning_FTT_Developed,Transfer_Learning_FTT_Developed,0.6085179348786672,1.170358990629514,1.6279610770477302,59096,87,0.8630154132843018,0.6907426118850708,0.8419749736785889,-0.3836749792098999,0.7622421979904175,0.8768073916435242
PER,D_full,Transfer_Learning_FTT_Full,0.66636523604393,1.0417116085688274,1.4718607510340949,85136,87,0.8707195520401001,0.8232566118240356,0.7709406614303589,-0.17457997798919678,0.8285549283027649,0.8792996406555176
PER,D_full_dev,Transfer_Learning_FTT_Full_Developed,0.6071858108043671,1.169502740104993,1.5762451232248686,59096,87,0.7768603563308716,0.7761362791061401,0.7944120168685913,-0.4426523447036743,0.8347052931785583,0.9036532640457153
POL,C,Transfer_Learning,0.8484786152839661,0.9311991234620413,1.3330260882316345,84871,352,0.874366283416748,0.8794134855270386,0.9525099992752075,0.7173447608947754,0.719711422920227,0.9475257396697998
POL,C_dev,Transfer_Learning_Developed,0.8424827754497528,0.9516312678654989,1.3499497043615747,58744,352,0.8750439286231995,0.8761621713638306,0.9446531534194946,0.6712738275527954,0.7406924962997437,0.9470710754394531
POL,Transfer_Learning_FTT,Transfer_Learning_FTT,0.725854774316152,1.2610784272352855,1.785628513989263,84871,352,0.8100267648696899,0.6716609597206116,0.9199796319007874,0.5386539101600647,0.5358555316925049,0.8789518475532532
POL,Transfer_Learning_FTT_Developed,Transfer_Learning_FTT_Developed,0.675403873125712,1.3162475228309631,1.929546556864089,58744,352,0.8219503164291382,0.7366790771484375,0.9152555465698242,0.3773965835571289,0.29735010862350464,0.903791606426239
POL,D_full,Transfer_Learning_FTT_Full,0.7335227032502493,1.260216365257899,1.7585113131690393,84871,352,0.8313043713569641,0.7732186317443848,0.9234482049942017,0.4784669876098633,0.5053956508636475,0.8893023729324341
POL,D_full_dev,Transfer_Learning_FTT_Full_Developed,0.7054546773433685,1.2519348462422688,1.8131213117688025,58744,352,0.8121414184570312,0.7015851736068726,0.9217057228088379,0.31511443853378296,0.5845351219177246,0.8976461887359619
KEN,C,Transfer_Learning,0.8684471944967905,0.5716876635948817,0.7653001513023326,85171,52,0.9559488892555237,0.8992166519165039,0.915216863155365,0.5664011240005493,0.925876796245575,0.9480228424072266
KEN,C_dev,Transfer_Learning_Developed,0.8172157605489095,0.603731835881869,0.8374387544250733,59096,52,0.9437601566314697,0.7938298583030701,0.8749395608901978,0.3881199359893799,0.9580044746398926,0.944640576839447
KEN,Transfer_Learning_FTT,Transfer_Learning_FTT,0.6363468666871389,0.9082979261875153,1.1925819709312109,85171,52,0.7815735936164856,0.5516891479492188,0.7797622680664062,0.014622151851654053,0.95918869972229,0.7312453389167786
KEN,Transfer_Learning_FTT_Developed,Transfer_Learning_FTT_Developed,0.6789529919624329,0.818474734822909,1.1221940701060358,59096,52,0.9464794397354126,0.6537729501724243,0.908107578754425,-0.2253633737564087,0.8328147530555725,0.9579066038131714
KEN,D_full,Transfer_Learning_FTT_Full,0.7089133461316427,0.7751762668291727,1.0319403010584194,85171,52,0.8992230892181396,0.6200402975082397,0.901894748210907,-0.0664132833480835,0.9402472376823425,0.9584879875183105
KEN,D_full_dev,Transfer_Learning_FTT_Full_Developed,0.5834953685601553,0.956612209479014,1.1992874331764585,59096,52,0.9001532196998596,0.7376487255096436,0.636338472366333,-0.600020170211792,0.9419817328453064,0.8848702311515808
CAN,C,Transfer_Learning,0.8504515389601389,0.9919645041227341,1.3970839239232609,83108,2115,0.8746427893638611,0.8604235649108887,0.9412853121757507,0.7577943205833435,0.7236401438713074,0.9449231028556824
CAN,C_dev,Transfer_Learning_Developed,0.8433939119180044,1.008343016107877,1.4216066909038074,56981,2115,0.865623950958252,0.8308500051498413,0.939998209476471,0.7520520687103271,0.7340055704116821,0.9378336668014526
CAN,Transfer_Learning_FTT,Transfer_Learning_FTT,0.7453925410906473,1.2821955581506093,1.8136441838049526,83108,2115,0.8137915134429932,0.7335065007209778,0.9006654620170593,0.572535514831543,0.5551210641860962,0.8967351913452148
CAN,Transfer_Learning_FTT_Developed,Transfer_Learning_FTT_Developed,0.7242524226506551,1.3288648227850597,1.8720094950814927,56981,2115,0.7867202758789062,0.7106912136077881,0.9048559665679932,0.4778958559036255,0.5798375606536865,0.8855136632919312
CAN,D_full,Transfer_Learning_FTT_Full,0.7649480998516083,1.20115061601003,1.7381610981631024,83108,2115,0.8312685489654541,0.7860773801803589,0.9068311452865601,0.5517218112945557,0.620015025138855,0.893774688243866
CAN,D_full_dev,Transfer_Learning_FTT_Full_Developed,0.7542290389537811,1.2090989351272583,1.7814901948173485,56981,2115,0.820554256439209,0.7309058904647827,0.9042605757713318,0.607428252696991,0.5717291831970215,0.8904960751533508
GBR,C,Transfer_Learning,0.8130653500556946,1.0644011249144871,1.5733737002687318,82897,2326,0.8250535130500793,0.8095515966415405,0.9289736151695251,0.6867262721061707,0.7079899311065674,0.9200971722602844
GBR,C_dev,Transfer_Learning_Developed,0.8156298200289408,1.0848365326722462,1.566991525662444,56770,2326,0.8258604407310486,0.8274824023246765,0.928149938583374,0.687995433807373,0.7015300393104553,0.9227606654167175
GBR,Transfer_Learning_FTT,Transfer_Learning_FTT,0.6863710681597391,1.4522662858168285,2.0332454330901184,82897,2326,0.7634389996528625,0.7315912246704102,0.8987764716148376,0.34909766912460327,0.48025059700012207,0.8950714468955994
GBR,Transfer_Learning_FTT_Developed,Transfer_Learning_FTT_Developed,0.6771568655967712,1.4986174801985424,2.0660139985092694,56770,2326,0.736566424369812,0.7245438098907471,0.8825199604034424,0.3586372137069702,0.4840419292449951,0.8766318559646606
GBR,D_full,Transfer_Learning_FTT_Full,0.749015599489212,1.2042211890220642,1.824365451147826,82897,2326,0.7946745753288269,0.7926357984542847,0.910876452922821,0.5003684759140015,0.5798256993293762,0.9157125949859619
GBR,D_full_dev,Transfer_Learning_FTT_Full_Developed,0.6983647147814432,1.3459014296531677,2.0050611557342948,56770,2326,0.7869206666946411,0.7501447796821594,0.8856799602508545,0.412073016166687,0.45852869749069214,0.8968411684036255
SWE,C,Transfer_Learning,0.8217016359170278,0.9248738835255305,1.3963635081631873,83868,1355,0.7680065035820007,0.8179645538330078,0.9271842837333679,0.71019446849823,0.7806262373924255,0.9262337684631348
SWE,C_dev,Transfer_Learning_Developed,0.8102796673774719,0.9899371465047201,1.4348486617294582,57741,1355,0.7612140774726868,0.8111373782157898,0.9234362244606018,0.6599100828170776,0.7795655727386475,0.9264146685600281
SWE,Transfer_Learning_FTT,Transfer_Learning_FTT,0.6966513395309448,1.2954914768536885,1.836667568784673,83868,1355,0.6491391658782959,0.762955904006958,0.9152661561965942,0.48790228366851807,0.45048683881759644,0.9141576886177063
SWE,Transfer_Learning_FTT_Developed,Transfer_Learning_FTT_Developed,0.6601864794890085,1.3249866664409637,1.9247310667549964,57741,1355,0.6045190095901489,0.7442947626113892,0.9088461995124817,0.3144313097000122,0.48631203174591064,0.9027155637741089
SWE,D_full,Transfer_Learning_FTT_Full,0.7405989269415537,1.1151627004146576,1.6705111920532323,83868,1355,0.6639657020568848,0.7537465691566467,0.9302190542221069,0.5119526386260986,0.6587693691253662,0.9249402284622192
SWE,D_full_dev,Transfer_Learning_FTT_Full_Developed,0.6974263886610667,1.2183080315589905,1.821350818875369,57741,1355,0.6612462997436523,0.7529162168502808,0.9159177541732788,0.41164475679397583,0.5320228934288025,0.9108104109764099
NOR,C,Transfer_Learning,0.840061237414678,1.0795563260714214,1.5443149973764658,84737,486,0.8541366457939148,0.7482054233551025,0.9167963862419128,0.8055390119552612,0.7962498664855957,0.9194400906562805
NOR,C_dev,Transfer_Learning_Developed,0.8357536395390829,1.0720493495464325,1.563579509650032,58610,486,0.8519343733787537,0.755012571811676,0.9222463965415955,0.7616814374923706,0.7933762073516846,0.9302708506584167
NOR,Transfer_Learning_FTT,Transfer_Learning_FTT,0.6356035570303599,1.7148876388867695,2.332164462304442,84737,486,0.7253918647766113,0.5683317184448242,0.9063683152198792,0.35520780086517334,0.34896862506866455,0.9093530178070068
NOR,Transfer_Learning_FTT_Developed,Transfer_Learning_FTT_Developed,0.6401806573073069,1.7199034988880157,2.267114571175856,58610,486,0.7715407609939575,0.5918501615524292,0.901400089263916,0.15240895748138428,0.524111270904541,0.8997727036476135
NOR,D_full,Transfer_Learning_FTT_Full,0.749316026767095,1.3263410528500874,1.9440700377249371,84737,486,0.7463870048522949,0.7234843373298645,0.9010115265846252,0.5465165972709656,0.6784754991531372,0.9000211954116821
NOR,D_full_dev,Transfer_Learning_FTT_Full_Developed,0.7167090773582458,1.4113474388917286,2.031690426024866,58610,486,0.7702224850654602,0.6230148077011108,0.860145092010498,0.47075897455215454,0.7099603414535522,0.8661527633666992
ARE,C,Transfer_Learning,0.812582274278005,0.9607128401597341,1.3602272826779827,84987,236,0.8759282231330872,0.8188951015472412,0.8740906119346619,0.6820394992828369,0.7043167352676392,0.9202234745025635
ARE,C_dev,Transfer_Learning_Developed,0.8206132849057516,0.9796578039725622,1.3310384570609657,58860,236,0.8647206425666809,0.8070854544639587,0.8733350038528442,0.7272320985794067,0.7268110513687134,0.9244954586029053
ARE,Transfer_Learning_FTT,Transfer_Learning_FTT,0.6475259065628052,1.2827311058839161,1.8561995254389168,84987,236,0.8228198289871216,0.6887761354446411,0.8181414604187012,0.37670356035232544,0.3094252943992615,0.8692891597747803
ARE,Transfer_Learning_FTT_Developed,Transfer_Learning_FTT_Developed,0.5910501480102539,1.4160360395908356,2.000205471701469,58860,236,0.8052452802658081,0.660865068435669,0.7320746779441833,0.3872303366661072,0.1685422658920288,0.792343258857727
ARE,D_full,Transfer_Learning_FTT_Full,0.688466082016627,1.1535594364007313,1.7340216337312315,84987,236,0.862567663192749,0.6668850183486938,0.8676351308822632,0.40276670455932617,0.4697379469871521,0.8612040281295776
ARE,D_full_dev,Transfer_Learning_FTT_Full_Developed,0.5617826282978058,1.409972886244456,2.051954996761804,58860,236,0.8104473948478699,0.6275831460952759,0.8408416509628296,0.23700451850891113,-0.01834845542907715,0.8731675148010254
CHE,C,Transfer_Learning,0.8438142538070679,0.9439930568138758,1.2971258310982916,84192,1031,0.9057661294937134,0.8559854626655579,0.9302053451538086,0.6188416481018066,0.8094204664230347,0.9426664710044861
CHE,C_dev,Transfer_Learning_Developed,0.8584944804509481,0.8707432001829147,1.2260185355720739,58065,1031,0.9067267775535583,0.8772404193878174,0.9472245573997498,0.6342564821243286,0.8284907937049866,0.9570278525352478
CHE,Transfer_Learning_FTT,Transfer_Learning_FTT,0.7764563957850138,1.1027298768361409,1.5893844173893743,84192,1031,0.8354186415672302,0.8462911248207092,0.8921516537666321,0.5133918523788452,0.6512997150421143,0.920185387134552
CHE,Transfer_Learning_FTT_Developed,Transfer_Learning_FTT_Developed,0.752002994219462,1.1156230469544728,1.6384497135270273,58065,1031,0.8279309272766113,0.8321583867073059,0.90155029296875,0.363341748714447,0.6637755036354065,0.9232611060142517
CHE,D_full,Transfer_Learning_FTT_Full,0.7968677977720896,0.980365072687467,1.4810608931028193,84192,1031,0.890573263168335,0.860103964805603,0.9230328798294067,0.4596966505050659,0.7038216590881348,0.9439783692359924
CHE,D_full_dev,Transfer_Learning_FTT_Full_Developed,0.7699201107025146,1.0493228832880657,1.5932092082086025,58065,1031,0.8758642673492432,0.8487547636032104,0.9008923768997192,0.4238854646682739,0.6442763805389404,0.9258474111557007
BEL,C,Transfer_Learning,0.8243552049001058,1.0505357533693314,1.5203278882078175,84899,324,0.8787167072296143,0.8403713703155518,0.9266024231910706,0.8736010789871216,0.4786118268966675,0.9482278227806091
BEL,C_dev,Transfer_Learning_Developed,0.8196841478347778,1.0840171426534653,1.5435479916161194,58772,324,0.8748167157173157,0.826533317565918,0.9190329313278198,0.8596634268760681,0.4912428855895996,0.9468156099319458
BEL,Transfer_Learning_FTT,Transfer_Learning_FTT,0.7028208871682485,1.3824313978354137,2.004820047074143,84899,324,0.7669223546981812,0.7735855579376221,0.903667151927948,0.6089898347854614,0.25994306802749634,0.903817355632782
BEL,Transfer_Learning_FTT_Developed,Transfer_Learning_FTT_Developed,0.6779970626036326,1.5124717056751251,2.0782674216170656,58772,324,0.826509952545166,0.7274739742279053,0.897596538066864,0.5932180881500244,0.11338204145431519,0.9098017811775208
BEL,D_full,Transfer_Learning_FTT_Full,0.6916055381298065,1.412476936976115,2.0354938845086603,84899,324,0.8064208030700684,0.7773202657699585,0.9171483516693115,0.5521136522293091,0.17251592874526978,0.9241142272949219
BEL,D_full_dev,Transfer_Learning_FTT_Full_Developed,0.7309852242469788,1.2907330791155498,1.8975076733397476,58772,324,0.844802737236023,0.8150875568389893,0.9222362041473389,0.6911867260932922,0.18601930141448975,0.9265788197517395
GRC,C,Transfer_Learning,0.8572171727816263,0.856355811158816,1.2167030546151305,85024,199,0.9255186319351196,0.7125959396362305,0.9182780385017395,0.8064006567001343,0.8380355834960938,0.9424741864204407
GRC,C_dev,Transfer_Learning_Developed,0.8416872521241506,0.8807032803694407,1.2904435423747553,58897,199,0.8776988983154297,0.7499285936355591,0.8698900938034058,0.816594123840332,0.8436019420623779,0.8924098610877991
GRC,Transfer_Learning_FTT,Transfer_Learning_FTT,0.6523655454317728,1.3786178181568782,1.9750756153453366,85024,199,0.8725542426109314,0.5714554786682129,0.9132032990455627,0.39641064405441284,0.3064565062522888,0.8541131019592285
GRC,Transfer_Learning_FTT_Developed,Transfer_Learning_FTT_Developed,0.6665434738000234,1.3328365981578827,1.9341120744314502,58897,199,0.8713953495025635,0.5686730742454529,0.8827102780342102,0.48961883783340454,0.3345068693161011,0.8523564338684082
GRC,D_full,Transfer_Learning_FTT_Full,0.6942431231339773,1.2552115420500438,1.8096292687020987,85024,199,0.9399124383926392,0.5512434244155884,0.8895916938781738,0.528361439704895,0.3294042944908142,0.9269454479217529
GRC,D_full_dev,Transfer_Learning_FTT_Full_Developed,0.6961730718612671,1.2683144112428029,1.8270058930250574,58897,199,0.8844690322875977,0.5340694189071655,0.8964826464653015,0.630818247795105,0.3666117191314697,0.8645873665809631
PRT,C,Transfer_Learning,0.8340783913930258,1.115797519683838,1.4159952907315432,85143,80,0.8715498447418213,0.7878542542457581,0.9082528352737427,0.7556983828544617,0.7754786014556885,0.9056364297866821
PRT,C_dev,Transfer_Learning_Developed,0.8871273001035055,0.8535827795664469,1.165982813729025,59016,80,0.9102843403816223,0.8855787515640259,0.9341811537742615,0.7864819765090942,0.8570175170898438,0.9492200613021851
PRT,Transfer_Learning_FTT,Transfer_Learning_FTT,0.8417373796304067,0.9182331363360087,1.291512291385735,85143,80,0.8830459713935852,0.8137354254722595,0.8804726600646973,0.6681991219520569,0.8982991576194763,0.906671941280365
PRT,Transfer_Learning_FTT_Developed,Transfer_Learning_FTT_Developed,0.7774721086025238,1.1911359429359436,1.5992672584073768,59016,80,0.8445845246315002,0.7427399158477783,0.8036930561065674,0.6818497776985168,0.7628520727157593,0.8291133046150208
PRT,D_full,Transfer_Learning_FTT_Full,0.8990867535273234,0.701624463001887,1.1112558112155255,85143,80,0.9050986766815186,0.89235520362854,0.9036479592323303,0.9311810731887817,0.829938530921936,0.9322990775108337
PRT,D_full_dev,Transfer_Learning_FTT_Full_Developed,0.8647149602572123,0.8756889800230662,1.2254033207334263,59016,80,0.8871639370918274,0.8606582880020142,0.8928367495536804,0.7483465671539307,0.8909903764724731,0.9082938432693481
CYM,C,Transfer_Learning,0.693720281124115,1.1439483265082042,1.4571822410217585,85078,145,0.5860637426376343,0.5951534509658813,0.8470632433891296,0.5316857099533081,0.8016859889030457,0.8006695508956909
CYM,C_dev,Transfer_Learning_Developed,0.7255622744560242,1.0590359071890514,1.4203858555173825,58951,145,0.6463420391082764,0.6946349143981934,0.8746726512908936,0.5117205381393433,0.7520167827606201,0.8739867210388184
CYM,Transfer_Learning_FTT,Transfer_Learning_FTT,0.5559294323126475,1.244837353626887,1.8104477578303788,85078,145,0.4605650305747986,0.5167474746704102,0.8419144153594971,0.2830091714859009,0.5928072929382324,0.6405332088470459
CYM,Transfer_Learning_FTT_Developed,Transfer_Learning_FTT_Developed,0.5388685266176859,1.2339654862880707,1.7947369654296796,58951,145,0.48015981912612915,0.5658614635467529,0.888568639755249,-0.09716904163360596,0.6282433271408081,0.7675469517707825
CYM,D_full,Transfer_Learning_FTT_Full,0.655213862657547,1.0378824174404144,1.4096260184425555,85078,145,0.3143079876899719,0.47436046600341797,0.9025465846061707,0.6590926051139832,0.894687831401825,0.6862877011299133
CYM,D_full_dev,Transfer_Learning_FTT_Full_Developed,0.5323048134644827,1.2457516094048817,1.8160386301411877,58951,145,0.4965226650238037,0.6673440337181091,0.7720131874084473,-0.15522551536560059,0.627892017364502,0.7852824926376343
COL,C,Transfer_Learning,0.8566119273503622,0.8635764221350352,1.3075353632581705,85133,90,0.8665582537651062,0.7645558714866638,0.9504279494285583,0.844952404499054,0.7885642051696777,0.9246128797531128
COL,C_dev,Transfer_Learning_Developed,0.818234384059906,0.8472851266463598,1.4419623605300098,59096,90,0.7697829008102417,0.726012110710144,0.9063700437545776,0.9172630906105042,0.7396788001060486,0.8502993583679199
COL,Transfer_Learning_FTT,Transfer_Learning_FTT,0.7380479574203491,1.2038114269574482,1.6359006727448389,85133,90,0.703654408454895,0.7068015336990356,0.8340363502502441,0.4829612970352173,0.8808504343032837,0.819983720779419
COL,Transfer_Learning_FTT_Developed,Transfer_Learning_FTT_Developed,0.5982834200064341,1.4889162480831146,2.103013553437936,59096,90,0.6659591197967529,0.23364388942718506,0.8716383576393127,0.4140530824661255,0.5956315994262695,0.808774471282959
COL,D_full,Transfer_Learning_FTT_Full,0.7484729985396067,1.1013502180576324,1.6100649135527252,85133,90,0.7181180715560913,0.5423011779785156,0.9034957885742188,0.6203802227973938,0.8418530225753784,0.8646897077560425
COL,D_full_dev,Transfer_Learning_FTT_Full_Developed,0.7055381536483765,1.170775681734085,1.8072432944542325,59096,90,0.7566388845443726,0.48298877477645874,0.8464586734771729,0.5975174903869629,0.7113368511199951,0.8382882475852966
MAR,C,Transfer_Learning,0.8245043953259786,0.7066150406996409,0.9027341909622876,85157,66,0.9638043642044067,0.736021101474762,0.7386947274208069,0.8328031301498413,0.7023605108261108,0.9733425378799438
MAR,C_dev,Transfer_Learning_Developed,0.8813429474830627,0.5661040569345156,0.7429485432063485,59096,66,0.9756089448928833,0.782149612903595,0.8160197734832764,0.8620827198028564,0.8686470985412598,0.9835495352745056
MAR,Transfer_Learning_FTT,Transfer_Learning_FTT,0.8589758276939392,0.623476559917132,0.8062376327704467,85157,66,0.9664394855499268,0.6758390665054321,0.7906087040901184,0.8251186609268188,0.9363734722137451,0.959475576877594
MAR,Transfer_Learning_FTT_Developed,Transfer_Learning_FTT_Developed,0.7228269477685293,0.8354792793591818,1.129693190529059,59096,66,0.9657262563705444,0.607707142829895,0.8013869524002075,0.7782502770423889,0.26317739486694336,0.9207136631011963
MAR,D_full,Transfer_Learning_FTT_Full,0.8174110154310862,0.7313445111115774,0.9042624559859772,85157,66,0.9361144304275513,0.6427114009857178,0.6547653675079346,0.8872183561325073,0.8795302510261536,0.9041262865066528
MAR,D_full_dev,Transfer_Learning_FTT_Full_Developed,0.8301529089609782,0.7218256443738937,0.9253547815060812,59096,66,0.9627825617790222,0.6528339385986328,0.8400397896766663,0.7668297290802002,0.7965786457061768,0.9618527889251709
PAK,C,Transfer_Learning,0.8466947575410207,0.8546688556671143,1.1636815099092785,84920,303,0.8666554689407349,0.7160625457763672,0.8445380330085754,0.8724627494812012,0.9027084112167358,0.8777413368225098
PAK,C_dev,Transfer_Learning_Developed,0.8475896616776785,0.7986975212891897,1.1399920304051654,59096,303,0.8695768117904663,0.6710494756698608,0.857698917388916,0.904288649559021,0.9131456017494202,0.8697785139083862
PAK,Transfer_Learning_FTT,Transfer_Learning_FTT,0.6984085142612457,1.0661836564540863,1.58467460948665,84920,303,0.7071129679679871,0.3354087471961975,0.7493239641189575,0.7715238928794861,0.8925220966339111,0.7345594167709351
PAK,Transfer_Learning_FTT_Developed,Transfer_Learning_FTT_Developed,0.6390675206979116,1.2292818824450176,1.7686404882694793,59096,303,0.6817317008972168,0.368047833442688,0.6541081070899963,0.5625960826873779,0.8525956869125366,0.7153257131576538
PAK,D_full,Transfer_Learning_FTT_Full,0.7807961106300354,0.8118430773417155,1.3411974686614412,84920,303,0.7943540811538696,0.46215951442718506,0.8369620442390442,0.8144559264183044,0.9220399856567383,0.8548051118850708
PAK,D_full_dev,Transfer_Learning_FTT_Full_Developed,0.7119319240252177,1.0583573083082836,1.5398057477861669,59096,303,0.7686856985092163,0.4444881081581116,0.717573881149292,0.6563791036605835,0.9257923364639282,0.7586724162101746
SAU,C,Transfer_Learning,0.9038212696711222,0.6920086840788523,0.953639782303187,84417,806,0.9288008213043213,0.9252507090568542,0.9304000735282898,0.8439328670501709,0.8423360586166382,0.952207088470459
SAU,C_dev,Transfer_Learning_Developed,0.8872154255708059,0.7615452458461126,1.030203213403696,58290,806,0.9245461225509644,0.9127255082130432,0.9265897870063782,0.7988613247871399,0.81456458568573,0.9460052251815796
SAU,Transfer_Learning_FTT,Transfer_Learning_FTT,0.816115140914917,0.9558238486448923,1.2884374697225731,84417,806,0.8591594099998474,0.8171678781509399,0.8462743759155273,0.6562840938568115,0.8295309543609619,0.8882741332054138
SAU,Transfer_Learning_FTT_Developed,Transfer_Learning_FTT_Developed,0.7754196921984354,1.0604666074117024,1.4371544374872496,58290,806,0.8096042275428772,0.7905756235122681,0.8473597764968872,0.5975102186203003,0.7712271809577942,0.8362411260604858
SAU,D_full,Transfer_Learning_FTT_Full,0.8427064120769501,0.8426027546326319,1.1963650057446966,84417,806,0.8791130781173706,0.8326762914657593,0.9128164052963257,0.6777048110961914,0.8265992403030396,0.9273286461830139
SAU,D_full_dev,Transfer_Learning_FTT_Full_Developed,0.8015782634417216,0.9788465599219004,1.3591264279525312,58290,806,0.8282726407051086,0.8568004369735718,0.8764805793762207,0.6005647778511047,0.7622579336166382,0.8850932121276855
NLD,C,Transfer_Learning,0.820052037636439,0.9608620305856069,1.4400924148439869,84779,444,0.7828565835952759,0.6973262429237366,0.9303828477859497,0.6879352331161499,0.8757199645042419,0.94609135389328
NLD,C_dev,Transfer_Learning_Developed,0.8333209554354349,0.9523037175337473,1.393507509394107,58652,444,0.8022119998931885,0.7142531871795654,0.9271174669265747,0.7380552291870117,0.8791040778160095,0.93918377161026
NLD,Transfer_Learning_FTT,Transfer_Learning_FTT,0.6754766404628754,1.3239525655905406,2.002542090544894,84779,444,0.5996710062026978,0.5533589720726013,0.9088414311408997,0.41324806213378906,0.6699363589286804,0.907804012298584
NLD,Transfer_Learning_FTT_Developed,Transfer_Learning_FTT_Developed,0.6907016535600027,1.2984392046928406,1.9023074193397864,58652,444,0.6065124273300171,0.5879719853401184,0.8925225734710693,0.3887448310852051,0.7865273356437683,0.8819307684898376
NLD,D_full,Transfer_Learning_FTT_Full,0.7075358430544535,1.186218410730362,1.822059864053207,84779,444,0.591917872428894,0.5234529972076416,0.9189386963844299,0.4903016686439514,0.8045272827148438,0.9160765409469604
NLD,D_full_dev,Transfer_Learning_FTT_Full_Developed,0.7095285753409067,1.1922520796457927,1.857939367456436,58652,444,0.5975295901298523,0.5621307492256165,0.9197053909301758,0.5081112384796143,0.7517718076705933,0.9179226756095886
JPN,C,Transfer_Learning,0.7987417976061503,0.966859703262647,1.3364752057545806,74124,11099,0.8225595951080322,0.8465181589126587,0.9032269716262817,0.5404421091079712,0.7560477256774902,0.9236562252044678
JPN,C_dev,Transfer_Learning_Developed,0.787014494339625,0.9867599904537201,1.372149730939258,47997,11099,0.8099071979522705,0.8417462706565857,0.9201891422271729,0.48757100105285645,0.7288699150085449,0.9338034391403198
JPN,Transfer_Learning_FTT,Transfer_Learning_FTT,0.677906354268392,1.2196350395679474,1.694750994251957,74124,11099,0.7507280111312866,0.8061559796333313,0.8846673369407654,0.18671131134033203,0.5506309270858765,0.8885445594787598
JPN,Transfer_Learning_FTT_Developed,Transfer_Learning_FTT_Developed,0.6467671394348145,1.3076604803403218,1.7772456568822197,47997,11099,0.7453390955924988,0.7604941725730896,0.8481411337852478,0.1385899782180786,0.5234065055847168,0.8646319508552551
JPN,D_full,Transfer_Learning_FTT_Full,0.7055063048998514,1.1153266926606495,1.6112656315155511,74124,11099,0.7834913730621338,0.8297750353813171,0.8898615837097168,0.21758848428726196,0.609297513961792,0.9030238389968872
JPN,D_full_dev,Transfer_Learning_FTT_Full_Developed,0.696694552898407,1.1652180353800456,1.647870124336334,47997,11099,0.7619127035140991,0.8091903328895569,0.8825290203094482,0.25548094511032104,0.5751839876174927,0.8958703279495239
DNK,C,Transfer_Learning,0.8665242989857992,0.8649231990178426,1.247373354248576,84932,291,0.9210869073867798,0.8668412566184998,0.9228332042694092,0.7569182515144348,0.7869772911071777,0.9444888830184937
DNK,C_dev,Transfer_Learning_Developed,0.8573661744594574,0.8969309876362482,1.2999351504018994,58805,291,0.9143897294998169,0.8688092231750488,0.9057649970054626,0.7783514261245728,0.7464218139648438,0.9304598569869995
DNK,Transfer_Learning_FTT,Transfer_Learning_FTT,0.7730061411857605,1.1197015742460887,1.6166247898021329,84932,291,0.8702577948570251,0.8240068554878235,0.9016503095626831,0.46798086166381836,0.6463714838027954,0.9277695417404175
DNK,Transfer_Learning_FTT_Developed,Transfer_Learning_FTT_Developed,0.7228488624095917,1.2504301567872365,1.8149982477292188,58805,291,0.8493883609771729,0.8257134556770325,0.8930119276046753,0.4264821410179138,0.4296332001686096,0.912864089012146
DNK,D_full,Transfer_Learning_FTT_Full,0.7524962027867635,1.085359329978625,1.671219926791763,84932,291,0.9003439545631409,0.826532244682312,0.899693489074707,0.34894710779190063,0.6094222068786621,0.9300382137298584
DNK,D_full_dev,Transfer_Learning_FTT_Full_Developed,0.807437946399053,1.0063193440437317,1.4424761071080308,58805,291,0.8842710852622986,0.8534319996833801,0.9054656624794006,0.4717417359352112,0.8164925575256348,0.9132246375083923
AUS,C,Transfer_Learning,0.8267097175121307,1.0427024761835735,1.5121563987625775,83003,2220,0.8105267882347107,0.8078128099441528,0.9025139212608337,0.7351288199424744,0.8004575371742249,0.9038184285163879
AUS,C_dev,Transfer_Learning_Developed,0.8224717875321707,1.068954159816106,1.528257971972022,56876,2220,0.8194630146026611,0.8030480146408081,0.896561861038208,0.7182531356811523,0.8019179701805115,0.8955867290496826
AUS,Transfer_Learning_FTT,Transfer_Learning_FTT,0.721450537443161,1.3433335622151692,1.9165116611017072,83003,2220,0.7279960513114929,0.7316957712173462,0.8603653907775879,0.5135440826416016,0.654150128364563,0.8409518003463745
AUS,Transfer_Learning_FTT_Developed,Transfer_Learning_FTT_Developed,0.6963415642579397,1.4173236886660259,2.0116632457767176,56876,2220,0.7056729793548584,0.7270996570587158,0.870597243309021,0.4981718063354492,0.5348944067955017,0.8416132926940918
AUS,D_full,Transfer_Learning_FTT_Full,0.7516308625539144,1.2167944014072418,1.8070760816417961,83003,2220,0.7724672555923462,0.7719914317131042,0.8911665081977844,0.5399689674377441,0.6537349224090576,0.8804560899734497
AUS,D_full_dev,Transfer_Learning_FTT_Full_Developed,0.7392951548099518,1.2772375245889027,1.8625937916279336,56876,2220,0.7489520311355591,0.7667551040649414,0.8704433441162109,0.5602723360061646,0.6331325769424438,0.8562155365943909
ITA,C,Transfer_Learning,0.8688125113646189,0.7925620873769125,1.1636373956459236,84540,683,0.9143838882446289,0.8944933414459229,0.9351200461387634,0.6766662001609802,0.852806031703949,0.9394055604934692
ITA,C_dev,Transfer_Learning_Developed,0.8469967146714529,0.8832738051811854,1.239954244539279,58413,683,0.9226254820823669,0.8820401430130005,0.9289277791976929,0.573574423789978,0.8319051265716553,0.9429073333740234
ITA,Transfer_Learning_FTT,Transfer_Learning_FTT,0.7201833923657736,1.2535930077234905,1.709832227005961,84540,683,0.8683651685714722,0.7957285642623901,0.8761767148971558,0.26933711767196655,0.6132184267044067,0.8982743620872498
ITA,Transfer_Learning_FTT_Developed,Transfer_Learning_FTT_Developed,0.6893607874711355,1.2874084015687306,1.7784721469137523,58413,683,0.8360716104507446,0.7807990908622742,0.8926692605018616,0.11934661865234375,0.609729528427124,0.8975486159324646
ITA,D_full,Transfer_Learning_FTT_Full,0.8114490409692129,0.8848867416381836,1.390148503153182,84540,683,0.8732619285583496,0.8646019697189331,0.9281288981437683,0.4962676167488098,0.7807767987251282,0.9256570339202881
ITA,D_full_dev,Transfer_Learning_FTT_Full_Developed,0.7698131501674652,0.9975065588951111,1.4865865560614513,58413,683,0.8559030294418335,0.8571563959121704,0.9099394083023071,0.28705716133117676,0.799730122089386,0.9090927839279175
SGP,C,Transfer_Learning,0.7643516759077708,1.05331189930439,1.4789418164118528,84406,817,0.6214818954467773,0.6672929525375366,0.9093378186225891,0.7293206453323364,0.7842440009117126,0.8744327425956726
SGP,C_dev,Transfer_Learning_Developed,0.7670718431472778,1.0276297877232234,1.4729564899802468,58279,817,0.6447647213935852,0.677693247795105,0.9113126993179321,0.7204830050468445,0.7877068519592285,0.8604705333709717
SGP,Transfer_Learning_FTT,Transfer_Learning_FTT,0.6805049777030945,1.260271241267522,1.7548416607628772,84406,817,0.5650347471237183,0.5756173133850098,0.8824490308761597,0.592627763748169,0.6183912754058838,0.8489097356796265
SGP,Transfer_Learning_FTT_Developed,Transfer_Learning_FTT_Developed,0.6512537201245626,1.3267955879370372,1.8296536527460938,58279,817,0.5103906393051147,0.6079760789871216,0.8555431962013245,0.4708433151245117,0.6492691040039062,0.8134999871253967
SGP,D_full,Transfer_Learning_FTT_Full,0.722638855377833,1.0888936817646027,1.622795556217952,84406,817,0.5939382314682007,0.6654270887374878,0.9167264699935913,0.5752572417259216,0.7247782945632935,0.8597058057785034
SGP,D_full_dev,Transfer_Learning_FTT_Full_Developed,0.6734435657660166,1.240303635597229,1.7928955365593486,58279,817,0.5915267467498779,0.6744590997695923,0.8876527547836304,0.4578092098236084,0.5902267098426819,0.838986873626709
FIN,C,Transfer_Learning,0.8594311475753784,0.9049190978209177,1.251675214562565,84877,346,0.8565552830696106,0.8905245661735535,0.9446897506713867,0.6793862581253052,0.8314552307128906,0.9539757966995239
FIN,C_dev,Transfer_Learning_Developed,0.8734189768632253,0.8516533076763153,1.1865484125993706,58750,346,0.8912766575813293,0.8754502534866333,0.9500842094421387,0.7247533202171326,0.8498357534408569,0.949113667011261
FIN,Transfer_Learning_FTT,Transfer_Learning_FTT,0.7160299321015676,1.2678322891394298,1.7868919186698156,84877,346,0.7405929565429688,0.8609002828598022,0.9026280641555786,0.28805357217788696,0.5897228717803955,0.9142818450927734
FIN,Transfer_Learning_FTT_Developed,Transfer_Learning_FTT_Developed,0.6909735997517904,1.2532176971435547,1.798678877584987,58750,346,0.7548008561134338,0.8290970921516418,0.9212606549263,0.06506139039993286,0.6474829912185669,0.9281386137008667
FIN,D_full,Transfer_Learning_FTT_Full,0.7955195407072703,0.9373700320720673,1.4563570137238677,84877,346,0.8262248039245605,0.8758638501167297,0.9295293092727661,0.3999553918838501,0.8100192546844482,0.9315246343612671
FIN,D_full_dev,Transfer_Learning_FTT_Full_Developed,0.7603496511777242,1.0443536738554637,1.5876858325675116,58750,346,0.7673115730285645,0.8720147609710693,0.9259743690490723,0.3101251721382141,0.7561342120170593,0.9305378198623657
TWN,C,Transfer_Learning,0.7910990417003632,0.852557564775149,1.1899357069749028,80908,4315,0.7716333866119385,0.8170634508132935,0.9213171005249023,0.5800683498382568,0.7339144945144653,0.9225974678993225
TWN,C_dev,Transfer_Learning_Developed,0.7842442989349365,0.8725655774275461,1.205846475378755,54781,4315,0.7707809209823608,0.8190042972564697,0.908386766910553,0.5473735928535461,0.741940975189209,0.9179792404174805
TWN,Transfer_Learning_FTT,Transfer_Learning_FTT,0.6698471903800964,1.0765307545661926,1.5047520314211982,80908,4315,0.6591874361038208,0.7311902046203613,0.8719627261161804,0.34937626123428345,0.546083927154541,0.8612825870513916
TWN,Transfer_Learning_FTT_Developed,Transfer_Learning_FTT_Developed,0.6428848306337992,1.1202545464038849,1.566368820140929,54781,4315,0.6457036733627319,0.7134726047515869,0.8316057324409485,0.30725014209747314,0.5270280838012695,0.8322487473487854
TWN,D_full,Transfer_Learning_FTT_Full,0.7124919990698496,0.9819161593914032,1.406394619352706,80908,4315,0.7053834199905396,0.7640331983566284,0.8836254477500916,0.4454227089881897,0.5998510122299194,0.8766362071037292
TWN,D_full_dev,Transfer_Learning_FTT_Full_Developed,0.6663015087445577,1.0567745665709178,1.506234729140199,54781,4315,0.6806870698928833,0.7560858130455017,0.8758965730667114,0.2691909670829773,0.5402036309242249,0.8757449984550476
KOR,C,Transfer_Learning,0.8409743507703146,0.7959251453479131,1.1230541913654195,79747,5476,0.8688944578170776,0.8840028047561646,0.9115723967552185,0.6669963598251343,0.7819819450378418,0.9323981404304504
KOR,C_dev,Transfer_Learning_Developed,0.8495584825674692,0.7658925006786982,1.0869158332948785,53620,5476,0.8655587434768677,0.8982006311416626,0.931007444858551,0.6678555011749268,0.7931140661239624,0.9416145086288452
KOR,Transfer_Learning_FTT,Transfer_Learning_FTT,0.7289253175258636,1.016707142194112,1.4326167193675603,79747,5476,0.8066099286079407,0.846825897693634,0.8949816226959229,0.2816953659057617,0.6403927803039551,0.9030463099479675
KOR,Transfer_Learning_FTT_Developed,Transfer_Learning_FTT_Developed,0.7003288467725118,1.0811680456002553,1.5039157869504176,53620,5476,0.7850823402404785,0.844771146774292,0.8913083672523499,0.19733554124832153,0.5818468332290649,0.901628851890564
KOR,D_full,Transfer_Learning_FTT_Full,0.7736377318700155,0.9219385087490082,1.3179357442361177,79747,5476,0.8378381729125977,0.862857460975647,0.9040501713752747,0.42951327562332153,0.6903121471405029,0.917255163192749
KOR,D_full_dev,Transfer_Learning_FTT_Full_Developed,0.7428311407566071,0.9784542421499888,1.384137166503228,53620,5476,0.8147450089454651,0.8653444647789001,0.9037944078445435,0.2841993570327759,0.6714633703231812,0.9174402356147766
ARG,C,Transfer_Learning,0.6520993510882059,1.2141153812408447,1.5112398225746324,85173,50,0.8187606930732727,0.7872161269187927,0.445117712020874,0.7024052143096924,0.45278000831604004,0.706316351890564
ARG,C_dev,Transfer_Learning_Developed,0.4545279343922933,1.5413028995196025,1.8950747385446656,59096,50,0.554975152015686,0.7663753628730774,0.14754492044448853,0.5622936487197876,0.3507966995239258,0.34518182277679443
ARG,Transfer_Learning_FTT,Transfer_Learning_FTT,0.7068080206712087,1.2290288905302684,1.457547699763647,85173,50,0.763326108455658,0.9258907437324524,0.6602307558059692,0.6319460272789001,0.5968502163887024,0.6626042723655701
ARG,Transfer_Learning_FTT_Developed,Transfer_Learning_FTT_Developed,0.5069508651892344,1.4043575127919514,1.638106746863347,59096,50,0.8324777483940125,0.5099577903747559,0.11113226413726807,0.8273943066596985,0.08685576915740967,0.673887312412262
ARG,D_full,Transfer_Learning_FTT_Full,0.6468745172023773,1.1604349414507549,1.483679716676351,85173,50,0.8580279350280762,0.8254363536834717,0.6635147333145142,0.8110167980194092,-0.005352377891540527,0.7286036610603333
ARG,D_full_dev,Transfer_Learning_FTT_Full_Developed,0.6096487243970236,1.2879227598508198,1.540438522617979,59096,50,0.8755399584770203,0.7014262676239014,0.5770880579948425,0.7917566299438477,-0.07433152198791504,0.7864129543304443
TUR,C,Transfer_Learning,0.8345339894294739,0.9666687746842703,1.2846719121197896,84609,614,0.8623225092887878,0.7925724983215332,0.8773167133331299,0.7603328824043274,0.8253461122512817,0.8893132209777832
TUR,C_dev,Transfer_Learning_Developed,0.824716051419576,1.0289102991422017,1.338716086386267,59096,614,0.8495984673500061,0.8085074424743652,0.8867474794387817,0.7325048446655273,0.7885798811912537,0.882358193397522
TUR,Transfer_Learning_FTT,Transfer_Learning_FTT,0.6793945034344991,1.309745689233144,1.8077361075560485,84609,614,0.7819825410842896,0.6490364074707031,0.8581603169441223,0.36722683906555176,0.5718922019004822,0.8480687141418457
TUR,Transfer_Learning_FTT_Developed,Transfer_Learning_FTT_Developed,0.6055077413717905,1.4776789446671803,2.0416426852395593,59096,614,0.6791831254959106,0.6903852224349976,0.7888522148132324,0.33191514015197754,0.40056926012039185,0.7421414852142334
TUR,D_full,Transfer_Learning_FTT_Full,0.6677337090174357,1.2650364736715953,1.8243572212000532,84609,614,0.819990873336792,0.6010973453521729,0.8442715406417847,0.3239579200744629,0.5748277306556702,0.8422568440437317
TUR,D_full_dev,Transfer_Learning_FTT_Full_Developed,0.6623549262682596,1.323145588239034,1.8566140493637437,59096,614,0.7566177845001221,0.6545846462249756,0.810813307762146,0.37326717376708984,0.5836859345436096,0.795160710811615
EGY,C,Transfer_Learning,0.8622026145458221,0.8206459979216257,1.0779777623130904,85034,189,0.8536130785942078,0.8702791929244995,0.8464195728302002,0.8808692693710327,0.8348338603973389,0.8872007131576538
EGY,C_dev,Transfer_Learning_Developed,0.8554312189420065,0.8328492442766825,1.0976214058844032,59096,189,0.8430122137069702,0.8560123443603516,0.8367098569869995,0.8888642191886902,0.8304975032806396,0.8774911761283875
EGY,Transfer_Learning_FTT,Transfer_Learning_FTT,0.6585522890090942,1.2102176348368328,1.6392598180918057,85034,189,0.6331696510314941,0.6470717787742615,0.7093663215637207,0.425326406955719,0.7999603748321533,0.7364192008972168
EGY,Transfer_Learning_FTT_Developed,Transfer_Learning_FTT_Developed,0.6215452551841736,1.2921242813269298,1.788355962560366,59096,189,0.7455343008041382,0.6228550672531128,0.7028093338012695,0.31513381004333496,0.5936126112937927,0.7493264079093933
EGY,D_full,Transfer_Learning_FTT_Full,0.6025848488012949,1.3107885817686717,1.800510334942732,85034,189,0.6026008725166321,0.6042993068695068,0.7077080011367798,0.28242653608322144,0.7023859620094299,0.7160884141921997
EGY,D_full_dev,Transfer_Learning_FTT_Full_Developed,0.6952332456906637,1.150825063387553,1.644866258748609,59096,189,0.8113188147544861,0.7347903251647949,0.7280714511871338,0.5918325185775757,0.49640578031539917,0.8089805841445923
NGA,C,Transfer_Learning,0.6926424900690714,0.7371613681316376,1.0180794875558157,85132,91,0.5823707580566406,0.14062750339508057,0.8878676891326904,0.7728899121284485,0.9392606019973755,0.8328384757041931
NGA,C_dev,Transfer_Learning_Developed,0.5722511013348898,0.8626380662123362,1.138976999374824,59096,91,0.45206570625305176,-0.15324127674102783,0.7156527042388916,0.7381510734558105,0.9657747745513916,0.7151036262512207
NGA,Transfer_Learning_FTT,Transfer_Learning_FTT,0.3289013206958771,1.4118675192197163,1.844870677050717,85132,91,0.1867605447769165,0.23627257347106934,0.626259446144104,0.14203697443008423,0.2482973337173462,0.5337810516357422
NGA,Transfer_Learning_FTT_Developed,Transfer_Learning_FTT_Developed,0.35619086027145386,1.3668071627616882,1.7026145465871119,59096,91,0.4230441451072693,-0.18328070640563965,0.577045202255249,0.13547676801681519,0.5923876166343689,0.5924721360206604
NGA,D_full,Transfer_Learning_FTT_Full,0.5914535820484161,0.9359933286905289,1.3433765564505213,85132,91,0.5995666980743408,0.21299231052398682,0.8165768384933472,0.339303195476532,0.8050723075866699,0.7752101421356201
NGA,D_full_dev,Transfer_Learning_FTT_Full_Developed,0.5264265636603037,1.0588857928911846,1.4084422344343406,59096,91,0.5462167859077454,-0.03334355354309082,0.7221373319625854,0.39909154176712036,0.7849750518798828,0.7394822239875793
VNM,C,Transfer_Learning,0.8314657211303711,0.8272100389003754,1.131041575025937,85110,113,0.8782780170440674,0.8004124760627747,0.8910086154937744,0.6939343214035034,0.8169412016868591,0.9082196950912476
VNM,C_dev,Transfer_Learning_Developed,0.7998238702615103,0.9131371925274531,1.2437482293024211,59096,113,0.870023250579834,0.8357923030853271,0.8824468851089478,0.5534265041351318,0.756472647190094,0.9007816314697266
VNM,Transfer_Learning_FTT,Transfer_Learning_FTT,0.6968917647997538,1.0530152320861816,1.5251684842641222,85110,113,0.7500003576278687,0.7119581699371338,0.7323803901672363,0.6049330234527588,0.6148668527603149,0.7672117948532104
VNM,Transfer_Learning_FTT_Developed,Transfer_Learning_FTT_Developed,0.6038149197896322,1.30315034588178,1.7682146053353234,59096,113,0.7618433237075806,0.7157905697822571,0.8104943037033081,0.16030120849609375,0.41551244258880615,0.7589476704597473
VNM,D_full,Transfer_Learning_FTT_Full,0.7343111336231232,1.021126647790273,1.4216327610915878,85110,113,0.6508232355117798,0.8159903883934021,0.825716495513916,0.6640688180923462,0.7230852842330933,0.7261825799942017
VNM,D_full_dev,Transfer_Learning_FTT_Full_Developed,0.6457238992055258,1.1761387983957927,1.6782254734171265,59096,113,0.8534877300262451,0.7752782106399536,0.8605921268463135,0.21123039722442627,0.2715815305709839,0.9021733999252319
USA,C,Transfer_Learning,0.8220694959163666,1.0312078893184662,1.4807966818462874,69709,15514,0.8670847415924072,0.8693466782569885,0.9376733303070068,0.5852231383323669,0.7309411764144897,0.9421479105949402
USA,C_dev,Transfer_Learning_Developed,0.8082113961378733,1.0674719363451004,1.5294951781620332,43582,15514,0.8642961978912354,0.8570484519004822,0.9311220645904541,0.534389853477478,0.727988600730896,0.9344232082366943
USA,Transfer_Learning_FTT,Transfer_Learning_FTT,0.7436077098051707,1.2338599761327107,1.7620547209362414,69709,15514,0.8325363397598267,0.8264089822769165,0.9189245700836182,0.3436451554298401,0.6208208203315735,0.9193103909492493
USA,Transfer_Learning_FTT_Developed,Transfer_Learning_FTT_Developed,0.7239753305912018,1.2966822584470112,1.833519008243479,43582,15514,0.8283891677856445,0.8254872560501099,0.9124623537063599,0.2975282073020935,0.5646839141845703,0.9153010845184326
USA,D_full,Transfer_Learning_FTT_Full,0.7687295377254486,1.1228694419066112,1.6569655086636559,69709,15514,0.8524845838546753,0.8567243814468384,0.9282976388931274,0.3628511428833008,0.6810981035232544,0.9309213757514954
USA,D_full_dev,Transfer_Learning_FTT_Full_Developed,0.763721783955892,1.1537275115648906,1.6944781548430086,43582,15514,0.8486542105674744,0.8385336995124817,0.9254482984542847,0.4025099277496338,0.6358792781829834,0.9313052892684937
BMU,C,Transfer_Learning,0.7236428658167521,1.224784642457962,1.750828812824411,84991,232,0.8538292646408081,0.3951737880706787,0.9042581915855408,0.5135174989700317,0.7851417064666748,0.8899367451667786
BMU,C_dev,Transfer_Learning_Developed,0.7269748946030935,1.1732859363158543,1.6973130608168248,58864,232,0.8519052863121033,0.36191803216934204,0.9149929285049438,0.4779696464538574,0.8274171352386475,0.9276463389396667
BMU,Transfer_Learning_FTT,Transfer_Learning_FTT,0.6870677371819814,1.258151610692342,1.9099870270554036,84991,232,0.8889122009277344,0.4592779874801636,0.8492102026939392,0.37279361486434937,0.6643940806388855,0.8878183364868164
BMU,Transfer_Learning_FTT_Developed,Transfer_Learning_FTT_Developed,0.6806005934874216,1.4146063029766083,1.8824598415767488,58864,232,0.8542832732200623,0.5201447606086731,0.8303112983703613,0.3026376962661743,0.7710753679275513,0.8051511645317078
BMU,D_full,Transfer_Learning_FTT_Full,0.6660302579402924,1.2809011737505596,1.9210838223419158,84991,232,0.894555926322937,0.3628833293914795,0.8827634453773499,0.25606071949005127,0.7007120847702026,0.8992060422897339
BMU,D_full_dev,Transfer_Learning_FTT_Full_Developed,0.7394444346427917,1.1006598621606827,1.5789863814902534,58864,232,0.8892708420753479,0.5112577676773071,0.9030848741531372,0.28372621536254883,0.8970127701759338,0.9523141384124756
CHN,C,Transfer_Learning,0.7784601151943207,0.9328279048204422,1.310980321175199,71235,13988,0.771484375,0.7623534202575684,0.8989489078521729,0.5798900723457336,0.7500518560409546,0.9080320596694946
CHN,C_dev,Transfer_Learning_Developed,0.7638733784357706,0.9676501750946045,1.346607875639627,59096,13988,0.7681819796562195,0.7672389149665833,0.8952965140342712,0.49890756607055664,0.7498328685760498,0.9037824273109436
CHN,Transfer_Learning_FTT,Transfer_Learning_FTT,0.6659454802672068,1.1646516025066376,1.609110599505822,71235,13988,0.6993526816368103,0.680030345916748,0.8478444218635559,0.3053554892539978,0.6188127994537354,0.8442771434783936
CHN,Transfer_Learning_FTT_Developed,Transfer_Learning_FTT_Developed,0.6443962057431539,1.214799662431081,1.6627527570905567,59096,13988,0.6856323480606079,0.6851345300674438,0.8501088619232178,0.23590415716171265,0.5673056840896606,0.8422916531562805
CHN,D_full,Transfer_Learning_FTT_Full,0.6877037584781647,1.108746737241745,1.5527564792158295,71235,13988,0.7070494890213013,0.7060511708259583,0.8583884835243225,0.33756083250045776,0.656343936920166,0.8608286380767822
CHN,D_full_dev,Transfer_Learning_FTT_Full_Developed,0.6796562373638153,1.1112562616666157,1.5788495852197324,59096,13988,0.7191140651702881,0.7145063877105713,0.8740663528442383,0.308046817779541,0.5929630398750305,0.8692407608032227
LUX,C,Transfer_Learning,0.8472984830538431,1.0723104774951935,1.4287048333816472,85044,179,0.9051419496536255,0.9300123453140259,0.9724595546722412,0.8281924724578857,0.47717833518981934,0.9708062410354614
LUX,C_dev,Transfer_Learning_Developed,0.8341753582159678,1.1285408437252045,1.5237710481390696,58917,179,0.9065040349960327,0.8926266431808472,0.9234157204627991,0.8003576993942261,0.5398920178413391,0.9422560334205627
LUX,Transfer_Learning_FTT,Transfer_Learning_FTT,0.6776541968186697,1.550144612789154,2.1033209295513005,85044,179,0.7931308746337891,0.7903972268104553,0.9263703227043152,0.6681399345397949,-0.014185786247253418,0.9020726084709167
LUX,Transfer_Learning_FTT_Developed,Transfer_Learning_FTT_Developed,0.6675235132376353,1.592092941204707,2.1063152661845743,58917,179,0.8765463829040527,0.8005214929580688,0.9080685973167419,0.5862653255462646,-0.10128319263458252,0.9350224733352661
LUX,D_full,Transfer_Learning_FTT_Full,0.8189564744631449,1.0819614380598068,1.5898080455598134,85044,179,0.8933565616607666,0.8568938970565796,0.9368287324905396,0.6022235155105591,0.6772007942199707,0.9472353458404541
LUX,D_full_dev,Transfer_Learning_FTT_Full_Developed,0.7683434883753458,1.2366033097108204,1.7603358985262103,58917,179,0.8833088278770447,0.79302978515625,0.9329888224601746,0.8098508715629578,0.24314212799072266,0.9477404952049255
ESP,C,Transfer_Learning,0.8066438734531403,0.9329273054997126,1.503556951792486,84786,437,0.856723964214325,0.8292968273162842,0.8024439811706543,0.7412368059158325,0.7343368530273438,0.8758248090744019
ESP,C_dev,Transfer_Learning_Developed,0.7840663492679596,0.9674842655658722,1.520279132140138,58659,437,0.8470730781555176,0.7794893383979797,0.7414462566375732,0.7091189622879028,0.8016418218612671,0.8256286382675171
ESP,Transfer_Learning_FTT,Transfer_Learning_FTT,0.6389273901780447,1.4901055892308552,2.032887322936471,84786,437,0.7020612955093384,0.6886312961578369,0.7161170244216919,0.2947245240211487,0.5936728715896606,0.8383573293685913
ESP,Transfer_Learning_FTT_Developed,Transfer_Learning_FTT_Developed,0.6511226693789164,1.4365535179773967,2.0021919030601496,58659,437,0.6997260451316833,0.7380679249763489,0.7268239259719849,0.32449668645858765,0.6008351445198059,0.8167862892150879
ESP,D_full,Transfer_Learning_FTT_Full,0.7087369859218597,1.2021183917919795,1.8222384294438534,84786,437,0.7265689969062805,0.769487738609314,0.7993412017822266,0.38489753007888794,0.682313084602356,0.8898133635520935
ESP,D_full_dev,Transfer_Learning_FTT_Full_Developed,0.6336724360783895,1.4211149116357167,2.026569490308267,58659,437,0.6471363306045532,0.6551017761230469,0.7300060987472534,0.3082308769226074,0.6400022506713867,0.8215572834014893
HKG,C,Transfer_Learning,0.8452097674210867,0.9860622584819794,1.3617706067877318,82545,2678,0.7987033128738403,0.8598377704620361,0.9027948975563049,0.7709184885025024,0.813318133354187,0.9256860017776489
HKG,C_dev,Transfer_Learning_Developed,0.846753199895223,0.9733011523882548,1.3535149532586612,56418,2678,0.81382155418396,0.8669787049293518,0.8981624245643616,0.7579714059829712,0.8241443634033203,0.919440746307373
HKG,Transfer_Learning_FTT,Transfer_Learning_FTT,0.7503294150034586,1.2679413855075836,1.7382979400809706,82545,2678,0.6874129772186279,0.7905901670455933,0.8778811097145081,0.6302627921104431,0.6394624710083008,0.8763669729232788
HKG,Transfer_Learning_FTT_Developed,Transfer_Learning_FTT_Developed,0.7055412034193674,1.41020463903745,1.8842778137470564,56418,2678,0.6643208265304565,0.7580471634864807,0.842937707901001,0.5149602890014648,0.5938717126846313,0.8591095209121704
HKG,D_full,Transfer_Learning_FTT_Full,0.7734513282775879,1.1642762621243794,1.654649785363359,82545,2678,0.7173012495040894,0.8184259533882141,0.8838855624198914,0.6492034196853638,0.6800495386123657,0.891842246055603
HKG,D_full_dev,Transfer_Learning_FTT_Full_Developed,0.7613497972488403,1.1887620786825817,1.6991030022800278,56418,2678,0.718145489692688,0.8297322392463684,0.8840774893760681,0.6063382625579834,0.6391754150390625,0.8906298875808716
MYS,C,Transfer_Learning,0.8218373656272888,0.8939734697341919,1.218467101836712,84046,1177,0.8176480531692505,0.7988563179969788,0.9217047691345215,0.7755564451217651,0.7147849798202515,0.9024736285209656
MYS,C_dev,Transfer_Learning_Developed,0.8127383987108866,0.9084997475147247,1.252043820870388,59096,1177,0.8288257718086243,0.8095017075538635,0.9120835661888123,0.7269099354743958,0.6921980381011963,0.9069113731384277
MYS,Transfer_Learning_FTT,Transfer_Learning_FTT,0.6592464248339335,1.263809581597646,1.686156580595834,84046,1177,0.6525661945343018,0.6325435042381287,0.8223380446434021,0.5517035126686096,0.48612087965011597,0.810206413269043
MYS,Transfer_Learning_FTT_Developed,Transfer_Learning_FTT_Developed,0.659833828608195,1.255002389351527,1.6818122426982551,59096,1177,0.7012041807174683,0.617185115814209,0.8343372344970703,0.5269948244094849,0.4575389623641968,0.8217426538467407
MYS,D_full,Transfer_Learning_FTT_Full,0.7337213754653931,1.0466271738211315,1.4915165572526659,84046,1177,0.7467082738876343,0.7188931107521057,0.8723291158676147,0.6371459364891052,0.5807260274887085,0.8465257883071899
MYS,D_full_dev,Transfer_Learning_FTT_Full_Developed,0.7356644769509634,1.0905394156773884,1.4876267457599666,59096,1177,0.7279646396636963,0.7306618094444275,0.8653935194015503,0.6461770534515381,0.5955891609191895,0.8482006788253784
MEX,C,Transfer_Learning,0.8468525409698486,0.9561023165782293,1.3721989273044126,84810,413,0.8635481595993042,0.7976105809211731,0.9678771495819092,0.8056355714797974,0.7416753172874451,0.9047684669494629
MEX,C_dev,Transfer_Learning_Developed,0.8448817233244578,0.9834137906630834,1.3893420050008238,59096,413,0.8873340487480164,0.8066442012786865,0.9490311145782471,0.7982000708580017,0.7244710326194763,0.9036098718643188
MEX,Transfer_Learning_FTT,Transfer_Learning_FTT,0.6662939786911011,1.5087463855743408,2.060644726218274,84810,413,0.7738155126571655,0.7066835165023804,0.8533108234405518,0.4453449249267578,0.38165849447250366,0.8369506001472473
MEX,Transfer_Learning_FTT_Developed,Transfer_Learning_FTT_Developed,0.6298877994219462,1.594961980978648,2.145332446679633,59096,413,0.7358970642089844,0.6779155731201172,0.8757203221321106,0.19442957639694214,0.48847657442092896,0.806887686252594
MEX,D_full,Transfer_Learning_FTT_Full,0.7511724531650543,1.2959985633691151,1.7733996845518922,84810,413,0.8397562503814697,0.7569750547409058,0.9239571690559387,0.6418036818504333,0.45686525106430054,0.8876773118972778
MEX,D_full_dev,Transfer_Learning_FTT_Full_Developed,0.7498863637447357,1.3087535798549652,1.780129891558363,59096,413,0.8312414288520813,0.7977299690246582,0.9120656251907349,0.5180743932723999,0.5554052591323853,0.8848015069961548
IND,C,Transfer_Learning,0.7340360581874847,1.0241620639959972,1.459878384559729,81605,3618,0.7440422773361206,0.6036664247512817,0.8961769342422485,0.574443519115448,0.7199360132217407,0.8659511804580688
IND,C_dev,Transfer_Learning_Developed,0.7203160425027212,1.0499759415785472,1.4989010751800993,59096,3618,0.7412587404251099,0.59500652551651,0.8852427005767822,0.5467109680175781,0.7016201019287109,0.8520572185516357
IND,Transfer_Learning_FTT,Transfer_Learning_FTT,0.5649739503860474,1.335490494966507,1.884076501188073,81605,3618,0.6455368995666504,0.5162638425827026,0.8090758323669434,0.178050696849823,0.4492605924606323,0.7916558384895325
IND,Transfer_Learning_FTT_Developed,Transfer_Learning_FTT_Developed,0.5659723083178202,1.3447023332118988,1.8655109902108464,59096,3618,0.6655957698822021,0.4595147967338562,0.8176644444465637,0.1630956530570984,0.49994856119155884,0.7900146245956421
IND,D_full,Transfer_Learning_FTT_Full,0.6215257545312246,1.1858967343966167,1.7365668057427748,81605,3618,0.6742355227470398,0.469524085521698,0.8337463140487671,0.34364748001098633,0.6163163185119629,0.7916848063468933
IND,D_full_dev,Transfer_Learning_FTT_Full_Developed,0.60022900501887,1.2480177680651348,1.7787927785036715,59096,3618,0.6742454767227173,0.495330274105072,0.8560006618499756,0.18510842323303223,0.5760921239852905,0.8145970702171326
CHL,C,Transfer_Learning,0.8811185459295908,0.7473598942160606,1.0161395770839021,84991,232,0.9497449398040771,0.8106768727302551,0.9495384693145752,0.7656970620155334,0.8351512551307678,0.9759026765823364
CHL,C_dev,Transfer_Learning_Developed,0.8666616181532542,0.7641185323397318,1.0665047574838165,58864,232,0.9428735375404358,0.7728093266487122,0.9248903393745422,0.7576949000358582,0.8372283577919006,0.9644732475280762
CHL,Transfer_Learning_FTT,Transfer_Learning_FTT,0.6083819369475046,1.3915071884791057,1.878972044238254,84991,232,0.8168333172798157,0.4774221181869507,0.7978711128234863,0.337540864944458,0.3636041283607483,0.8570200800895691
CHL,Transfer_Learning_FTT_Developed,Transfer_Learning_FTT_Developed,0.5330207149187723,1.5023188292980194,2.061276800498598,58864,232,0.7787365913391113,0.5014389157295227,0.6702635288238525,0.36972111463546753,0.09502190351486206,0.7829422354698181
CHL,D_full,Transfer_Learning_FTT_Full,0.7141459683577219,1.1395681997140248,1.5688932475253052,84991,232,0.8957599997520447,0.5754050016403198,0.920834481716156,0.29924219846725464,0.6598286628723145,0.9338054656982422
CHL,D_full_dev,Transfer_Learning_FTT_Full_Developed,0.6915698448816935,1.1190461814403534,1.634200545930967,58864,232,0.9064157605171204,0.5477228164672852,0.8552859425544739,0.343539297580719,0.5851343870162964,0.9113208651542664
RUS,C,Transfer_Learning,0.815152774254481,0.976081371307373,1.3680349535587368,84966,257,0.9043646454811096,0.8467069268226624,0.8346818089485168,0.6161727905273438,0.8113011717796326,0.8776893019676208
RUS,C_dev,Transfer_Learning_Developed,0.8421072363853455,0.9483011861642202,1.2717669104720546,59096,257,0.9191153645515442,0.8463346362113953,0.8797755837440491,0.6666615009307861,0.827308177947998,0.9134481549263
RUS,Transfer_Learning_FTT,Transfer_Learning_FTT,0.622130940357844,1.4685378670692444,2.0157108365534344,84966,257,0.6645494699478149,0.7619699835777283,0.6487309336662292,0.6077406406402588,0.40934187173843384,0.6404527425765991
RUS,Transfer_Learning_FTT_Developed,Transfer_Learning_FTT_Developed,0.6622138520081838,1.4077019194761913,1.8799824337224476,59096,257,0.6903794407844543,0.8049002289772034,0.6949291825294495,0.47515594959259033,0.6352823972702026,0.6726359128952026
RUS,D_full,Transfer_Learning_FTT_Full,0.791792631149292,1.0928968489170074,1.4168626854363622,84966,257,0.8839932680130005,0.8180382251739502,0.8518259525299072,0.4431565999984741,0.8543386459350586,0.8994030952453613
RUS,D_full_dev,Transfer_Learning_FTT_Full_Developed,0.7485640645027161,1.165825476249059,1.5302486656563428,59096,257,0.8286191821098328,0.770733654499054,0.777347207069397,0.42982208728790283,0.8885917663574219,0.796270489692688
NZL,C,Transfer_Learning,0.701787918806076,0.9446438848972321,1.557590520394352,84916,307,0.5473282337188721,0.3789255619049072,0.8827264904975891,0.7324243783950806,0.8311668634414673,0.83815598487854
NZL,C_dev,Transfer_Learning_Developed,0.7128883004188538,0.9605661680301031,1.5430933601268724,58789,307,0.5517764687538147,0.43579256534576416,0.9021109938621521,0.7356760501861572,0.8186303973197937,0.8333433270454407
NZL,Transfer_Learning_FTT,Transfer_Learning_FTT,0.6326147615909576,1.293380747238795,1.848394390690464,84916,307,0.6132773160934448,0.39668184518814087,0.8727171421051025,0.5906593799591064,0.49964606761932373,0.8227068185806274
NZL,Transfer_Learning_FTT_Developed,Transfer_Learning_FTT_Developed,0.5417925814787546,1.480028748512268,2.0307906613404634,58789,307,0.45710939168930054,0.32953542470932007,0.7968780994415283,0.38748419284820557,0.5900668501853943,0.6896815299987793
NZL,D_full,Transfer_Learning_FTT_Full,0.6664731303850809,1.1238118906815846,1.7562584143192261,84916,307,0.6343174576759338,0.5043814182281494,0.9077258706092834,0.5059391856193542,0.5906244516372681,0.8558503985404968
NZL,D_full_dev,Transfer_Learning_FTT_Full_Developed,0.6475074191888174,1.1246222406625748,1.7997178623482732,58789,307,0.5730953812599182,0.4542655944824219,0.9045426249504089,0.5346262454986572,0.5852563977241516,0.8332582712173462
QAT,C,Transfer_Learning,0.8771158456802368,0.7523439675569534,1.0238264082533064,85061,162,0.9335891604423523,0.8508910536766052,0.8695318698883057,0.9305098056793213,0.7448148131370544,0.933358371257782
QAT,C_dev,Transfer_Learning_Developed,0.8534394303957621,0.7947530647118887,1.123749706778642,58934,162,0.93146812915802,0.8297588229179382,0.8468029499053955,0.895544171333313,0.709725022315979,0.907337486743927
QAT,Transfer_Learning_FTT,Transfer_Learning_FTT,0.8339605331420898,0.9039312203725179,1.219063099730246,85061,162,0.8652419447898865,0.8698144555091858,0.8095437288284302,0.8714050054550171,0.6867060661315918,0.9010519981384277
QAT,Transfer_Learning_FTT_Developed,Transfer_Learning_FTT_Developed,0.7299719552199045,1.0733443796634674,1.5297891777907082,58934,162,0.837196409702301,0.7202880382537842,0.6988481283187866,0.8140515089035034,0.503616213798523,0.8058314323425293
QAT,D_full,Transfer_Learning_FTT_Full,0.8312782049179077,0.8022848765055338,1.198294256406131,85061,162,0.874468207359314,0.837605893611908,0.7887635231018066,0.9045431613922119,0.7132589221000671,0.8690295219421387
QAT,D_full_dev,Transfer_Learning_FTT_Full_Developed,0.8422547876834869,0.8253604273001353,1.1695784174023274,58934,162,0.9049710035324097,0.8189781904220581,0.8172231912612915,0.8436316251754761,0.7652645111083984,0.9034602046012878
KWT,C,Transfer_Learning,0.8214162985483805,0.8483398854732513,1.112354509234087,85032,191,0.9088237285614014,0.837565541267395,0.8548519611358643,0.7235748171806335,0.7029207944869995,0.9007609486579895
KWT,C_dev,Transfer_Learning_Developed,0.803629199663798,0.8931641379992167,1.1401003492323902,58905,191,0.9219344854354858,0.7860594987869263,0.7854857444763184,0.6851011514663696,0.7687573432922363,0.8744369745254517
KWT,Transfer_Learning_FTT,Transfer_Learning_FTT,0.6903712948163351,0.9958400428295135,1.4336978553927562,85032,191,0.7539241313934326,0.5344283580780029,0.7506625652313232,0.6683793067932129,0.6549597978591919,0.7798736095428467
KWT,Transfer_Learning_FTT_Developed,Transfer_Learning_FTT_Developed,0.5977785587310791,1.2077032228310902,1.6389009518641735,58905,191,0.7493716478347778,0.4011388421058655,0.6755012273788452,0.5109031200408936,0.4694492816925049,0.7803072333335876
KWT,D_full,Transfer_Learning_FTT_Full,0.7559698522090912,0.8647012710571289,1.285528338424959,85032,191,0.8096202611923218,0.7074201107025146,0.76967853307724,0.7682226896286011,0.628868818283081,0.8520087003707886
KWT,D_full_dev,Transfer_Learning_FTT_Full_Developed,0.7820078730583191,0.8565486172835032,1.213785416329893,58905,191,0.8729028105735779,0.7768927216529846,0.7880561947822571,0.8009747862815857,0.5783777832984924,0.8748429417610168
